hold_id,user_id,library_book_id,hold_date,expiry_date,status
1,935,7098,2024-05-09 09:45:47,2024-05-16 09:45:47,borrowed
2,459,7239,2024-04-04 09:45:47,2024-04-11 09:45:47,expired
3,456,8338,2023-10-06 09:45:47,2023-10-13 09:45:47,expired
4,659,1626,2023-12-25 09:45:47,2024-01-01 09:45:47,borrowed
5,176,1980,2023-11-14 09:45:47,2023-11-21 09:45:47,expired
6,824,5645,2024-05-16 09:45:47,2024-05-23 09:45:47,borrowed
7,289,1893,2024-02-09 09:45:47,2024-02-16 09:45:47,borrowed
8,711,3577,2024-05-26 09:45:47,2024-06-02 09:45:47,borrowed
9,504,3041,2023-10-03 09:45:47,2023-10-10 09:45:47,expired
10,750,1611,2024-04-22 09:45:47,2024-04-29 09:45:47,borrowed
11,399,1078,2024-02-04 09:45:47,2024-02-11 09:45:47,expired
12,811,6683,2024-04-08 09:45:47,2024-04-15 09:45:47,expired
13,562,5767,2023-12-29 09:45:47,2024-01-05 09:45:47,expired
14,571,5247,2024-08-14 09:45:47,2024-08-21 09:45:47,borrowed
15,716,10610,2023-10-04 09:45:47,2023-10-11 09:45:47,expired
16,890,10183,2024-05-28 09:45:47,2024-06-04 09:45:47,borrowed
17,19,691,2023-10-22 09:45:47,2023-10-29 09:45:47,borrowed
18,164,8093,2024-03-12 09:45:47,2024-03-19 09:45:47,expired
19,34,8448,2023-09-15 09:45:47,2023-09-22 09:45:47,borrowed
20,310,8022,2023-12-23 09:45:47,2023-12-30 09:45:47,borrowed
21,687,3302,2024-02-17 09:45:47,2024-02-24 09:45:47,expired
22,110,8629,2024-01-02 09:45:47,2024-01-09 09:45:47,expired
23,154,7551,2024-06-09 09:45:47,2024-06-16 09:45:47,expired
24,531,366,2024-08-15 09:45:47,2024-08-22 09:45:47,borrowed
25,736,7656,2023-12-23 09:45:47,2023-12-30 09:45:47,expired
26,498,7989,2024-04-19 09:45:47,2024-04-26 09:45:47,borrowed
27,61,371,2024-06-17 09:45:47,2024-06-24 09:45:47,borrowed
28,824,8098,2024-02-09 09:45:47,2024-02-16 09:45:47,borrowed
29,79,3653,2023-12-22 09:45:47,2023-12-29 09:45:47,expired
30,111,6124,2024-02-19 09:45:47,2024-02-26 09:45:47,expired
31,828,5350,2023-09-26 09:45:47,2023-10-03 09:45:47,expired
32,663,6422,2023-09-17 09:45:47,2023-09-24 09:45:47,expired
33,4,3227,2024-06-02 09:45:47,2024-06-09 09:45:47,borrowed
34,358,5802,2024-05-08 09:45:47,2024-05-15 09:45:47,expired
35,247,10919,2024-02-02 09:45:47,2024-02-09 09:45:47,expired
36,821,10013,2024-07-14 09:45:47,2024-07-21 09:45:47,borrowed
37,187,916,2023-09-21 09:45:47,2023-09-28 09:45:47,borrowed
38,589,4250,2023-10-25 09:45:47,2023-11-01 09:45:47,borrowed
39,764,3148,2023-10-11 09:45:47,2023-10-18 09:45:47,expired
40,692,5358,2024-01-31 09:45:47,2024-02-07 09:45:47,expired
41,578,5559,2023-10-12 09:45:47,2023-10-19 09:45:47,expired
42,918,4172,2024-08-26 09:45:47,2024-09-02 09:45:47,expired
43,626,9148,2024-02-24 09:45:47,2024-03-02 09:45:47,expired
44,433,10228,2024-02-24 09:45:47,2024-03-02 09:45:47,borrowed
45,872,7904,2023-11-19 09:45:47,2023-11-26 09:45:47,expired
46,110,2193,2024-04-02 09:45:47,2024-04-09 09:45:47,borrowed
47,168,6348,2023-11-29 09:45:47,2023-12-06 09:45:47,borrowed
48,311,10739,2024-05-03 09:45:47,2024-05-10 09:45:47,expired
49,565,6996,2023-12-31 09:45:47,2024-01-07 09:45:47,borrowed
50,552,5247,2024-04-07 09:45:47,2024-04-14 09:45:47,expired
51,1,10333,2024-05-26 09:45:47,2024-06-02 09:45:47,expired
52,601,9330,2024-03-29 09:45:47,2024-04-05 09:45:47,expired
53,339,3772,2024-07-09 09:45:47,2024-07-16 09:45:47,borrowed
54,523,6041,2024-07-18 09:45:47,2024-07-25 09:45:47,expired
55,47,8228,2024-07-06 09:45:47,2024-07-13 09:45:47,expired
56,103,2024,2024-04-09 09:45:47,2024-04-16 09:45:47,borrowed
57,614,3428,2024-09-04 09:45:47,2024-09-11 09:45:47,expired
58,890,6380,2024-01-01 09:45:47,2024-01-08 09:45:47,borrowed
59,223,2263,2024-05-18 09:45:47,2024-05-25 09:45:47,expired
60,567,5751,2024-07-05 09:45:47,2024-07-12 09:45:47,borrowed
61,804,7561,2024-04-30 09:45:47,2024-05-07 09:45:47,borrowed
62,464,4789,2023-12-24 09:45:47,2023-12-31 09:45:47,expired
63,346,1936,2023-09-18 09:45:47,2023-09-25 09:45:47,expired
64,104,4861,2024-09-01 09:45:47,2024-09-08 09:45:47,borrowed
65,920,2738,2024-05-07 09:45:47,2024-05-14 09:45:47,borrowed
66,924,9300,2024-08-14 09:45:47,2024-08-21 09:45:47,borrowed
67,949,11019,2024-08-20 09:45:47,2024-08-27 09:45:47,borrowed
68,868,1821,2024-04-10 09:45:47,2024-04-17 09:45:47,expired
69,403,9565,2024-01-04 09:45:47,2024-01-11 09:45:47,expired
70,492,4859,2024-06-16 09:45:47,2024-06-23 09:45:47,borrowed
71,804,8694,2024-04-26 09:45:47,2024-05-03 09:45:47,expired
72,777,11048,2024-07-21 09:45:47,2024-07-28 09:45:47,expired
73,62,9472,2024-03-13 09:45:47,2024-03-20 09:45:47,borrowed
74,655,5863,2023-09-22 09:45:47,2023-09-29 09:45:47,borrowed
75,712,5183,2024-01-09 09:45:47,2024-01-16 09:45:47,expired
76,542,6252,2024-07-10 09:45:47,2024-07-17 09:45:47,expired
77,658,8178,2023-12-22 09:45:47,2023-12-29 09:45:47,borrowed
78,268,756,2023-11-22 09:45:47,2023-11-29 09:45:47,borrowed
79,250,156,2023-10-25 09:45:47,2023-11-01 09:45:47,borrowed
80,258,2358,2024-02-25 09:45:47,2024-03-03 09:45:47,borrowed
81,744,7630,2024-01-05 09:45:47,2024-01-12 09:45:47,borrowed
82,966,2966,2024-02-04 09:45:47,2024-02-11 09:45:47,expired
83,182,6149,2023-10-03 09:45:47,2023-10-10 09:45:47,expired
84,771,4627,2023-12-17 09:45:47,2023-12-24 09:45:47,borrowed
85,504,8831,2024-07-02 09:45:47,2024-07-09 09:45:47,expired
86,663,2361,2024-08-28 09:45:47,2024-09-04 09:45:47,borrowed
87,872,8496,2024-08-27 09:45:47,2024-09-03 09:45:47,borrowed
88,796,7463,2024-05-11 09:45:47,2024-05-18 09:45:47,expired
89,520,844,2024-03-01 09:45:47,2024-03-08 09:45:47,expired
90,543,6931,2024-05-23 09:45:47,2024-05-30 09:45:47,borrowed
91,502,4002,2024-02-22 09:45:47,2024-02-29 09:45:47,expired
92,388,4172,2024-08-19 09:45:47,2024-08-26 09:45:47,expired
93,353,7741,2024-01-27 09:45:47,2024-02-03 09:45:47,expired
94,504,8284,2024-04-01 09:45:47,2024-04-08 09:45:47,expired
95,257,8802,2024-03-05 09:45:47,2024-03-12 09:45:47,expired
96,484,3434,2023-11-19 09:45:47,2023-11-26 09:45:47,expired
97,957,1893,2023-11-23 09:45:47,2023-11-30 09:45:47,expired
98,695,1022,2024-02-28 09:45:47,2024-03-06 09:45:47,expired
99,148,7777,2024-06-19 09:45:47,2024-06-26 09:45:47,borrowed
100,946,3685,2024-03-19 09:45:47,2024-03-26 09:45:47,expired
101,444,4581,2023-09-14 09:45:47,2023-09-21 09:45:47,borrowed
102,726,1518,2023-12-13 09:45:47,2023-12-20 09:45:47,expired
103,856,6078,2023-12-25 09:45:47,2024-01-01 09:45:47,expired
104,169,3964,2024-01-09 09:45:47,2024-01-16 09:45:47,expired
105,427,5997,2024-04-08 09:45:47,2024-04-15 09:45:47,borrowed
106,882,472,2024-07-05 09:45:47,2024-07-12 09:45:47,borrowed
107,403,2690,2024-04-15 09:45:47,2024-04-22 09:45:47,expired
108,594,98,2024-05-14 09:45:47,2024-05-21 09:45:47,borrowed
109,861,7605,2024-03-29 09:45:47,2024-04-05 09:45:47,borrowed
110,212,5287,2024-07-21 09:45:47,2024-07-28 09:45:47,expired
111,86,3861,2024-07-01 09:45:47,2024-07-08 09:45:47,expired
112,4,2380,2024-06-15 09:45:47,2024-06-22 09:45:47,borrowed
113,321,8603,2023-10-23 09:45:47,2023-10-30 09:45:47,expired
114,688,4743,2024-07-30 09:45:47,2024-08-06 09:45:47,borrowed
115,828,1279,2024-05-07 09:45:47,2024-05-14 09:45:47,borrowed
116,22,3224,2023-10-06 09:45:47,2023-10-13 09:45:47,expired
117,798,9578,2024-05-05 09:45:47,2024-05-12 09:45:47,borrowed
118,963,8094,2024-06-15 09:45:47,2024-06-22 09:45:47,borrowed
119,664,9798,2024-02-23 09:45:47,2024-03-01 09:45:47,borrowed
120,1000,1963,2024-01-22 09:45:47,2024-01-29 09:45:47,expired
121,608,436,2023-11-13 09:45:47,2023-11-20 09:45:47,borrowed
122,989,4444,2023-10-21 09:45:47,2023-10-28 09:45:47,expired
123,884,1407,2024-04-11 09:45:47,2024-04-18 09:45:47,expired
124,822,11027,2024-03-21 09:45:47,2024-03-28 09:45:47,borrowed
125,404,8438,2023-10-15 09:45:47,2023-10-22 09:45:47,expired
126,935,5465,2024-05-22 09:45:47,2024-05-29 09:45:47,expired
127,12,9318,2024-08-16 09:45:47,2024-08-23 09:45:47,expired
128,173,5037,2024-08-03 09:45:47,2024-08-10 09:45:47,borrowed
129,209,8572,2024-06-01 09:45:47,2024-06-08 09:45:47,expired
130,763,7578,2024-08-02 09:45:47,2024-08-09 09:45:47,borrowed
131,997,7038,2023-12-22 09:45:47,2023-12-29 09:45:47,expired
132,182,6341,2024-07-15 09:45:47,2024-07-22 09:45:47,expired
133,754,9711,2024-06-21 09:45:47,2024-06-28 09:45:47,borrowed
134,75,8783,2024-07-23 09:45:47,2024-07-30 09:45:47,expired
135,903,2475,2023-12-31 09:45:47,2024-01-07 09:45:47,borrowed
136,667,9985,2024-03-05 09:45:47,2024-03-12 09:45:47,borrowed
137,884,6863,2023-12-21 09:45:47,2023-12-28 09:45:47,expired
138,507,9620,2024-05-06 09:45:47,2024-05-13 09:45:47,borrowed
139,703,1778,2024-04-09 09:45:47,2024-04-16 09:45:47,expired
140,605,415,2024-02-03 09:45:47,2024-02-10 09:45:47,borrowed
141,409,3497,2023-10-22 09:45:47,2023-10-29 09:45:47,expired
142,897,431,2023-12-03 09:45:47,2023-12-10 09:45:47,borrowed
143,446,5572,2024-04-04 09:45:47,2024-04-11 09:45:47,borrowed
144,862,6141,2024-05-04 09:45:47,2024-05-11 09:45:47,expired
145,67,8767,2024-07-08 09:45:47,2024-07-15 09:45:47,expired
146,912,10232,2024-03-07 09:45:47,2024-03-14 09:45:47,expired
147,585,1993,2023-10-08 09:45:47,2023-10-15 09:45:47,expired
148,132,11057,2023-10-14 09:45:47,2023-10-21 09:45:47,expired
149,732,8947,2024-04-19 09:45:47,2024-04-26 09:45:47,expired
150,517,3232,2023-10-30 09:45:47,2023-11-06 09:45:47,expired
151,862,10572,2024-05-28 09:45:47,2024-06-04 09:45:47,expired
152,241,9140,2024-06-07 09:45:47,2024-06-14 09:45:47,borrowed
153,840,4135,2024-07-26 09:45:47,2024-08-02 09:45:47,borrowed
154,656,6691,2024-08-16 09:45:47,2024-08-23 09:45:47,expired
155,712,179,2024-04-18 09:45:47,2024-04-25 09:45:47,expired
156,339,1795,2024-07-10 09:45:47,2024-07-17 09:45:47,borrowed
157,443,8071,2024-05-07 09:45:47,2024-05-14 09:45:47,borrowed
158,5,5781,2023-12-03 09:45:47,2023-12-10 09:45:47,expired
159,249,9346,2023-09-16 09:45:47,2023-09-23 09:45:47,expired
160,650,6049,2024-08-22 09:45:47,2024-08-29 09:45:47,borrowed
161,207,2863,2024-01-02 09:45:47,2024-01-09 09:45:47,borrowed
162,111,3285,2023-09-29 09:45:47,2023-10-06 09:45:47,borrowed
163,779,10934,2023-11-02 09:45:47,2023-11-09 09:45:47,borrowed
164,30,7481,2024-07-24 09:45:47,2024-07-31 09:45:47,borrowed
165,175,9617,2023-11-01 09:45:47,2023-11-08 09:45:47,expired
166,402,2712,2023-12-02 09:45:47,2023-12-09 09:45:47,expired
167,879,657,2024-01-31 09:45:47,2024-02-07 09:45:47,expired
168,934,6716,2024-07-25 09:45:47,2024-08-01 09:45:47,expired
169,107,5167,2023-10-16 09:45:47,2023-10-23 09:45:47,expired
170,81,9127,2024-02-22 09:45:47,2024-02-29 09:45:47,expired
171,342,10770,2024-03-02 09:45:47,2024-03-09 09:45:47,expired
172,931,4567,2024-03-06 09:45:47,2024-03-13 09:45:47,borrowed
173,682,3678,2024-01-18 09:45:47,2024-01-25 09:45:47,borrowed
174,933,2993,2023-09-25 09:45:47,2023-10-02 09:45:47,expired
175,666,8204,2024-05-03 09:45:47,2024-05-10 09:45:47,borrowed
176,581,10345,2023-11-18 09:45:47,2023-11-25 09:45:47,borrowed
177,638,391,2024-04-13 09:45:47,2024-04-20 09:45:47,expired
178,505,6676,2024-03-18 09:45:47,2024-03-25 09:45:47,borrowed
179,214,663,2024-03-16 09:45:47,2024-03-23 09:45:47,borrowed
180,8,7635,2024-07-17 09:45:47,2024-07-24 09:45:47,borrowed
181,506,1334,2023-12-10 09:45:47,2023-12-17 09:45:47,expired
182,903,6889,2023-12-23 09:45:47,2023-12-30 09:45:47,expired
183,591,5891,2023-11-18 09:45:47,2023-11-25 09:45:47,borrowed
184,65,6788,2024-02-09 09:45:47,2024-02-16 09:45:47,borrowed
185,258,6116,2023-10-23 09:45:47,2023-10-30 09:45:47,expired
186,644,9011,2023-11-23 09:45:47,2023-11-30 09:45:47,borrowed
187,214,129,2024-01-22 09:45:47,2024-01-29 09:45:47,expired
188,323,10506,2023-10-01 09:45:47,2023-10-08 09:45:47,borrowed
189,766,8221,2024-03-07 09:45:47,2024-03-14 09:45:47,expired
190,970,1769,2024-08-19 09:45:47,2024-08-26 09:45:47,borrowed
191,879,9417,2023-09-22 09:45:47,2023-09-29 09:45:47,expired
192,177,2331,2024-05-15 09:45:47,2024-05-22 09:45:47,borrowed
193,267,10686,2023-09-29 09:45:47,2023-10-06 09:45:47,expired
194,798,8525,2024-03-10 09:45:47,2024-03-17 09:45:47,borrowed
195,326,1325,2024-05-30 09:45:47,2024-06-06 09:45:47,expired
196,790,7240,2023-10-27 09:45:47,2023-11-03 09:45:47,expired
197,133,11107,2024-08-22 09:45:47,2024-08-29 09:45:47,borrowed
198,815,7532,2024-04-23 09:45:47,2024-04-30 09:45:47,expired
199,665,8303,2024-07-17 09:45:47,2024-07-24 09:45:47,borrowed
200,202,4711,2024-01-20 09:45:47,2024-01-27 09:45:47,expired
201,977,9880,2024-05-19 09:45:47,2024-05-26 09:45:47,expired
202,113,263,2023-10-15 09:45:47,2023-10-22 09:45:47,expired
203,396,7788,2023-09-11 09:45:47,2023-09-18 09:45:47,borrowed
204,89,1276,2023-10-10 09:45:47,2023-10-17 09:45:47,borrowed
205,17,1493,2023-12-23 09:45:47,2023-12-30 09:45:47,expired
206,564,10133,2024-08-22 09:45:47,2024-08-29 09:45:47,borrowed
207,375,6046,2024-01-22 09:45:47,2024-01-29 09:45:47,expired
208,901,6731,2024-08-04 09:45:47,2024-08-11 09:45:47,expired
209,693,6429,2024-05-02 09:45:47,2024-05-09 09:45:47,borrowed
210,281,7888,2024-02-13 09:45:47,2024-02-20 09:45:47,borrowed
211,456,2511,2024-05-29 09:45:47,2024-06-05 09:45:47,borrowed
212,881,4307,2023-11-17 09:45:47,2023-11-24 09:45:47,borrowed
213,702,1337,2024-07-31 09:45:47,2024-08-07 09:45:47,expired
214,185,587,2024-04-12 09:45:47,2024-04-19 09:45:47,borrowed
215,333,3396,2023-09-11 09:45:47,2023-09-18 09:45:47,borrowed
216,279,10477,2024-07-27 09:45:47,2024-08-03 09:45:47,borrowed
217,624,8176,2024-08-02 09:45:47,2024-08-09 09:45:47,expired
218,717,669,2024-03-03 09:45:47,2024-03-10 09:45:47,borrowed
219,245,10189,2024-08-30 09:45:47,2024-09-06 09:45:47,borrowed
220,564,7741,2024-09-04 09:45:47,2024-09-11 09:45:47,borrowed
221,803,8191,2024-07-25 09:45:47,2024-08-01 09:45:47,expired
222,428,631,2023-09-07 09:45:47,2023-09-14 09:45:47,borrowed
223,838,3036,2024-01-01 09:45:47,2024-01-08 09:45:47,borrowed
224,297,194,2024-05-20 09:45:47,2024-05-27 09:45:47,borrowed
225,458,7360,2023-09-11 09:45:47,2023-09-18 09:45:47,expired
226,296,9151,2023-12-14 09:45:47,2023-12-21 09:45:47,borrowed
227,45,5965,2024-06-03 09:45:47,2024-06-10 09:45:47,expired
228,327,11038,2024-05-21 09:45:47,2024-05-28 09:45:47,borrowed
229,696,3497,2024-05-14 09:45:47,2024-05-21 09:45:47,borrowed
230,309,7279,2024-04-02 09:45:47,2024-04-09 09:45:47,expired
231,207,10121,2024-07-05 09:45:47,2024-07-12 09:45:47,borrowed
232,169,2838,2024-06-16 09:45:47,2024-06-23 09:45:47,borrowed
233,831,8880,2024-04-26 09:45:47,2024-05-03 09:45:47,borrowed
234,592,359,2023-10-17 09:45:47,2023-10-24 09:45:47,expired
235,392,4667,2024-04-10 09:45:47,2024-04-17 09:45:47,borrowed
236,201,683,2024-04-13 09:45:47,2024-04-20 09:45:47,borrowed
237,224,3611,2024-02-02 09:45:47,2024-02-09 09:45:47,expired
238,119,2607,2024-06-22 09:45:47,2024-06-29 09:45:47,borrowed
239,406,9483,2024-07-30 09:45:47,2024-08-06 09:45:47,expired
240,691,4180,2024-03-27 09:45:47,2024-04-03 09:45:47,borrowed
241,993,3370,2023-12-24 09:45:47,2023-12-31 09:45:47,borrowed
242,318,1772,2024-06-09 09:45:47,2024-06-16 09:45:47,borrowed
243,865,6124,2024-05-30 09:45:47,2024-06-06 09:45:47,borrowed
244,827,3029,2024-01-31 09:45:47,2024-02-07 09:45:47,borrowed
245,868,5764,2024-04-09 09:45:47,2024-04-16 09:45:47,expired
246,102,10792,2024-08-25 09:45:47,2024-09-01 09:45:47,expired
247,228,9988,2023-10-07 09:45:47,2023-10-14 09:45:47,expired
248,935,6864,2024-01-07 09:45:47,2024-01-14 09:45:47,borrowed
249,734,3614,2024-06-12 09:45:47,2024-06-19 09:45:47,expired
250,910,848,2024-04-03 09:45:47,2024-04-10 09:45:47,borrowed
251,711,5027,2024-01-20 09:45:47,2024-01-27 09:45:47,expired
252,306,368,2024-08-22 09:45:47,2024-08-29 09:45:47,borrowed
253,793,1556,2023-10-19 09:45:47,2023-10-26 09:45:47,borrowed
254,927,6449,2024-01-13 09:45:47,2024-01-20 09:45:47,borrowed
255,312,5078,2023-12-07 09:45:47,2023-12-14 09:45:47,borrowed
256,20,9617,2024-02-17 09:45:47,2024-02-24 09:45:47,borrowed
257,741,9177,2024-05-01 09:45:47,2024-05-08 09:45:47,expired
258,666,1962,2024-04-09 09:45:47,2024-04-16 09:45:47,expired
259,801,1152,2024-05-25 09:45:47,2024-06-01 09:45:47,expired
260,847,3247,2024-01-02 09:45:47,2024-01-09 09:45:47,expired
261,818,4172,2024-08-01 09:45:47,2024-08-08 09:45:47,borrowed
262,295,5467,2023-12-28 09:45:47,2024-01-04 09:45:47,borrowed
263,370,8138,2024-03-15 09:45:47,2024-03-22 09:45:47,expired
264,843,6172,2024-06-02 09:45:47,2024-06-09 09:45:47,borrowed
265,776,2780,2023-10-13 09:45:47,2023-10-20 09:45:47,expired
266,308,5,2024-06-07 09:45:47,2024-06-14 09:45:47,expired
267,862,10537,2024-04-11 09:45:47,2024-04-18 09:45:47,borrowed
268,197,8055,2024-06-06 09:45:47,2024-06-13 09:45:47,borrowed
269,456,4933,2023-11-08 09:45:47,2023-11-15 09:45:47,expired
270,714,1195,2024-05-22 09:45:47,2024-05-29 09:45:47,borrowed
271,166,10818,2024-03-17 09:45:47,2024-03-24 09:45:47,borrowed
272,151,4786,2023-12-17 09:45:47,2023-12-24 09:45:47,borrowed
273,872,4362,2024-02-27 09:45:47,2024-03-05 09:45:47,expired
274,379,4370,2024-03-28 09:45:47,2024-04-04 09:45:47,borrowed
275,443,5035,2024-02-09 09:45:47,2024-02-16 09:45:47,borrowed
276,635,10089,2024-06-01 09:45:47,2024-06-08 09:45:47,expired
277,536,6950,2024-02-13 09:45:47,2024-02-20 09:45:47,expired
278,606,9100,2024-05-11 09:45:47,2024-05-18 09:45:47,borrowed
279,818,5948,2024-02-23 09:45:47,2024-03-01 09:45:47,expired
280,440,8369,2024-03-04 09:45:47,2024-03-11 09:45:47,borrowed
281,786,6248,2024-01-04 09:45:47,2024-01-11 09:45:47,borrowed
282,664,1523,2024-02-16 09:45:47,2024-02-23 09:45:47,expired
283,841,4031,2024-02-03 09:45:47,2024-02-10 09:45:47,expired
284,204,121,2024-05-28 09:45:47,2024-06-04 09:45:47,expired
285,618,4356,2023-09-26 09:45:47,2023-10-03 09:45:47,expired
286,479,9142,2024-03-27 09:45:47,2024-04-03 09:45:47,borrowed
287,788,5858,2024-08-27 09:45:47,2024-09-03 09:45:47,expired
288,865,3471,2024-08-22 09:45:47,2024-08-29 09:45:47,expired
289,613,10863,2024-04-30 09:45:47,2024-05-07 09:45:47,expired
290,382,5902,2024-07-27 09:45:47,2024-08-03 09:45:47,expired
291,577,4983,2023-10-25 09:45:47,2023-11-01 09:45:47,borrowed
292,363,6363,2024-02-28 09:45:47,2024-03-06 09:45:47,expired
293,401,4453,2024-08-28 09:45:47,2024-09-04 09:45:47,expired
294,336,4650,2024-01-04 09:45:47,2024-01-11 09:45:47,borrowed
295,946,5704,2023-10-14 09:45:47,2023-10-21 09:45:47,borrowed
296,784,8554,2024-06-15 09:45:47,2024-06-22 09:45:47,expired
297,315,2037,2024-01-07 09:45:47,2024-01-14 09:45:47,expired
298,905,4520,2024-01-15 09:45:47,2024-01-22 09:45:47,borrowed
299,377,4992,2023-09-09 09:45:47,2023-09-16 09:45:47,expired
300,276,4428,2024-02-11 09:45:47,2024-02-18 09:45:47,expired
301,343,2526,2024-02-17 09:45:47,2024-02-24 09:45:47,expired
302,102,3403,2023-12-13 09:45:47,2023-12-20 09:45:47,borrowed
303,410,7255,2024-06-26 09:45:47,2024-07-03 09:45:47,borrowed
304,23,10653,2024-07-11 09:45:47,2024-07-18 09:45:47,borrowed
305,790,5013,2024-09-06 09:45:47,2024-09-13 09:45:47,active
306,40,4326,2024-07-04 09:45:47,2024-07-11 09:45:47,borrowed
307,928,7736,2024-09-01 09:45:47,2024-09-08 09:45:47,expired
308,897,7839,2024-03-30 09:45:47,2024-04-06 09:45:47,expired
309,968,4195,2024-06-21 09:45:47,2024-06-28 09:45:47,borrowed
310,776,9793,2024-08-17 09:45:47,2024-08-24 09:45:47,expired
311,271,9839,2023-10-27 09:45:47,2023-11-03 09:45:47,borrowed
312,628,251,2024-05-24 09:45:47,2024-05-31 09:45:47,borrowed
313,119,9912,2024-08-27 09:45:47,2024-09-03 09:45:47,expired
314,960,11095,2024-03-10 09:45:47,2024-03-17 09:45:47,borrowed
315,591,1275,2024-07-14 09:45:47,2024-07-21 09:45:47,borrowed
316,119,5646,2024-07-22 09:45:47,2024-07-29 09:45:47,borrowed
317,534,5474,2024-04-15 09:45:47,2024-04-22 09:45:47,expired
318,146,1286,2023-12-26 09:45:47,2024-01-02 09:45:47,expired
319,207,137,2024-07-21 09:45:47,2024-07-28 09:45:47,expired
320,951,9090,2024-07-14 09:45:47,2024-07-21 09:45:47,expired
321,763,2278,2023-12-22 09:45:47,2023-12-29 09:45:47,borrowed
322,859,7156,2024-01-30 09:45:47,2024-02-06 09:45:47,expired
323,474,4546,2023-09-29 09:45:47,2023-10-06 09:45:47,borrowed
324,186,3451,2023-12-03 09:45:47,2023-12-10 09:45:47,expired
325,190,10078,2024-07-29 09:45:47,2024-08-05 09:45:47,borrowed
326,529,211,2024-03-11 09:45:47,2024-03-18 09:45:47,expired
327,127,10855,2024-04-10 09:45:47,2024-04-17 09:45:47,borrowed
328,872,5264,2024-04-15 09:45:47,2024-04-22 09:45:47,borrowed
329,869,196,2024-04-07 09:45:47,2024-04-14 09:45:47,expired
330,985,5849,2023-12-10 09:45:47,2023-12-17 09:45:47,expired
331,473,3307,2023-12-21 09:45:47,2023-12-28 09:45:47,borrowed
332,144,10839,2024-02-29 09:45:47,2024-03-07 09:45:47,expired
333,461,7680,2024-08-20 09:45:47,2024-08-27 09:45:47,expired
334,235,3648,2024-03-15 09:45:47,2024-03-22 09:45:47,expired
335,867,10438,2024-05-04 09:45:47,2024-05-11 09:45:47,borrowed
336,129,6707,2024-05-11 09:45:47,2024-05-18 09:45:47,expired
337,317,5056,2024-08-14 09:45:47,2024-08-21 09:45:47,expired
338,799,6695,2024-06-15 09:45:47,2024-06-22 09:45:47,expired
339,732,7028,2023-11-18 09:45:47,2023-11-25 09:45:47,borrowed
340,282,2943,2024-01-05 09:45:47,2024-01-12 09:45:47,expired
341,946,4601,2024-01-29 09:45:47,2024-02-05 09:45:47,expired
342,770,4683,2024-02-23 09:45:47,2024-03-01 09:45:47,borrowed
343,724,8506,2024-05-03 09:45:47,2024-05-10 09:45:47,expired
344,279,9924,2024-04-17 09:45:47,2024-04-24 09:45:47,borrowed
345,491,7084,2023-11-20 09:45:47,2023-11-27 09:45:47,expired
346,375,2701,2024-01-30 09:45:47,2024-02-06 09:45:47,expired
347,183,8360,2024-09-02 09:45:47,2024-09-09 09:45:47,borrowed
348,664,3502,2024-02-07 09:45:47,2024-02-14 09:45:47,expired
349,353,1098,2024-08-12 09:45:47,2024-08-19 09:45:47,expired
350,167,7638,2024-06-13 09:45:47,2024-06-20 09:45:47,borrowed
351,223,255,2023-09-12 09:45:47,2023-09-19 09:45:47,expired
352,456,3318,2024-07-16 09:45:47,2024-07-23 09:45:47,borrowed
353,188,10707,2024-02-24 09:45:47,2024-03-02 09:45:47,expired
354,984,4213,2024-04-30 09:45:47,2024-05-07 09:45:47,borrowed
355,508,4186,2024-05-07 09:45:47,2024-05-14 09:45:47,expired
356,493,6734,2024-07-10 09:45:47,2024-07-17 09:45:47,borrowed
357,265,5945,2024-03-09 09:45:47,2024-03-16 09:45:47,borrowed
358,160,7409,2023-11-08 09:45:47,2023-11-15 09:45:47,borrowed
359,585,10468,2024-03-06 09:45:47,2024-03-13 09:45:47,expired
360,366,9752,2024-01-20 09:45:47,2024-01-27 09:45:47,expired
361,450,5670,2024-09-04 09:45:47,2024-09-11 09:45:47,expired
362,252,8278,2023-11-02 09:45:47,2023-11-09 09:45:47,expired
363,135,4912,2024-03-25 09:45:47,2024-04-01 09:45:47,expired
364,47,7762,2023-12-20 09:45:47,2023-12-27 09:45:47,expired
365,987,5295,2024-05-03 09:45:47,2024-05-10 09:45:47,borrowed
366,508,7449,2024-07-10 09:45:47,2024-07-17 09:45:47,borrowed
367,427,8595,2024-06-19 09:45:47,2024-06-26 09:45:47,expired
368,504,8518,2024-04-10 09:45:47,2024-04-17 09:45:47,expired
369,417,2234,2024-05-13 09:45:47,2024-05-20 09:45:47,borrowed
370,449,2356,2024-04-13 09:45:47,2024-04-20 09:45:47,borrowed
371,143,2164,2023-09-25 09:45:47,2023-10-02 09:45:47,expired
372,853,3892,2024-06-20 09:45:47,2024-06-27 09:45:47,borrowed
373,833,3015,2024-05-02 09:45:47,2024-05-09 09:45:47,expired
374,712,9312,2024-05-10 09:45:47,2024-05-17 09:45:47,borrowed
375,269,9672,2024-02-26 09:45:47,2024-03-04 09:45:47,borrowed
376,198,9389,2023-10-31 09:45:47,2023-11-07 09:45:47,expired
377,890,6172,2024-07-25 09:45:47,2024-08-01 09:45:47,borrowed
378,696,8792,2024-01-02 09:45:47,2024-01-09 09:45:47,expired
379,33,4135,2024-04-16 09:45:47,2024-04-23 09:45:47,borrowed
380,301,764,2023-12-14 09:45:47,2023-12-21 09:45:47,expired
381,490,8900,2024-02-12 09:45:47,2024-02-19 09:45:47,expired
382,578,8839,2024-09-03 09:45:47,2024-09-10 09:45:47,borrowed
383,515,3510,2023-12-16 09:45:47,2023-12-23 09:45:47,borrowed
384,609,3959,2024-08-13 09:45:47,2024-08-20 09:45:47,expired
385,428,3143,2024-03-13 09:45:47,2024-03-20 09:45:47,borrowed
386,1,8311,2024-03-05 09:45:47,2024-03-12 09:45:47,borrowed
387,838,5873,2024-05-23 09:45:47,2024-05-30 09:45:47,expired
388,838,2680,2024-08-06 09:45:47,2024-08-13 09:45:47,expired
389,713,1899,2024-03-10 09:45:47,2024-03-17 09:45:47,borrowed
390,31,5571,2024-01-09 09:45:47,2024-01-16 09:45:47,borrowed
391,664,5245,2023-12-27 09:45:47,2024-01-03 09:45:47,expired
392,979,3321,2023-11-26 09:45:47,2023-12-03 09:45:47,expired
393,742,8831,2024-01-06 09:45:47,2024-01-13 09:45:47,borrowed
394,218,2800,2024-06-14 09:45:47,2024-06-21 09:45:47,borrowed
395,545,8386,2024-05-04 09:45:47,2024-05-11 09:45:47,borrowed
396,239,3575,2023-10-18 09:45:47,2023-10-25 09:45:47,expired
397,662,1752,2023-12-29 09:45:47,2024-01-05 09:45:47,borrowed
398,218,9828,2024-04-15 09:45:47,2024-04-22 09:45:47,expired
399,269,4674,2024-04-17 09:45:47,2024-04-24 09:45:47,expired
400,938,1097,2024-04-30 09:45:47,2024-05-07 09:45:47,expired
401,473,7594,2023-09-13 09:45:47,2023-09-20 09:45:47,borrowed
402,521,2404,2024-06-18 09:45:47,2024-06-25 09:45:47,borrowed
403,567,10129,2024-05-14 09:45:47,2024-05-21 09:45:47,borrowed
404,385,9222,2024-02-29 09:45:47,2024-03-07 09:45:47,expired
405,520,756,2024-02-12 09:45:47,2024-02-19 09:45:47,expired
406,652,1444,2024-02-17 09:45:47,2024-02-24 09:45:47,borrowed
407,557,5615,2024-02-28 09:45:47,2024-03-06 09:45:47,expired
408,155,5452,2024-07-20 09:45:47,2024-07-27 09:45:47,expired
409,270,4529,2023-12-20 09:45:47,2023-12-27 09:45:47,expired
410,286,6738,2024-06-08 09:45:47,2024-06-15 09:45:47,expired
411,438,6050,2023-12-15 09:45:47,2023-12-22 09:45:47,expired
412,2,10820,2024-07-06 09:45:47,2024-07-13 09:45:47,expired
413,994,7077,2023-12-02 09:45:47,2023-12-09 09:45:47,expired
414,393,6131,2024-04-22 09:45:47,2024-04-29 09:45:47,expired
415,245,7681,2024-04-10 09:45:47,2024-04-17 09:45:47,borrowed
416,11,7144,2023-11-15 09:45:47,2023-11-22 09:45:47,borrowed
417,380,1835,2024-08-14 09:45:47,2024-08-21 09:45:47,expired
418,130,8335,2024-01-27 09:45:47,2024-02-03 09:45:47,borrowed
419,701,8979,2024-06-30 09:45:47,2024-07-07 09:45:47,borrowed
420,518,5166,2024-02-21 09:45:47,2024-02-28 09:45:47,expired
421,316,3327,2024-05-11 09:45:47,2024-05-18 09:45:47,borrowed
422,584,10596,2024-07-16 09:45:47,2024-07-23 09:45:47,expired
423,41,7871,2024-05-04 09:45:47,2024-05-11 09:45:47,borrowed
424,567,8643,2023-11-27 09:45:47,2023-12-04 09:45:47,expired
425,316,5265,2023-10-02 09:45:47,2023-10-09 09:45:47,borrowed
426,271,4104,2023-10-03 09:45:47,2023-10-10 09:45:47,expired
427,144,9180,2024-05-24 09:45:47,2024-05-31 09:45:47,borrowed
428,694,10285,2024-06-06 09:45:47,2024-06-13 09:45:47,expired
429,626,5334,2024-03-21 09:45:47,2024-03-28 09:45:47,expired
430,850,2011,2023-12-15 09:45:47,2023-12-22 09:45:47,expired
431,117,10565,2024-05-09 09:45:47,2024-05-16 09:45:47,borrowed
432,637,7647,2024-05-28 09:45:47,2024-06-04 09:45:47,expired
433,907,891,2024-05-13 09:45:47,2024-05-20 09:45:47,expired
434,879,735,2024-08-06 09:45:47,2024-08-13 09:45:47,borrowed
435,908,4951,2024-02-26 09:45:47,2024-03-04 09:45:47,expired
436,378,5833,2024-03-22 09:45:47,2024-03-29 09:45:47,expired
437,312,5174,2024-01-29 09:45:47,2024-02-05 09:45:47,expired
438,916,488,2024-08-20 09:45:47,2024-08-27 09:45:47,borrowed
439,629,6633,2024-01-14 09:45:47,2024-01-21 09:45:47,borrowed
440,427,11022,2024-06-26 09:45:47,2024-07-03 09:45:47,expired
441,484,5435,2024-08-30 09:45:47,2024-09-06 09:45:47,expired
442,101,579,2024-02-18 09:45:47,2024-02-25 09:45:47,borrowed
443,553,7895,2023-12-09 09:45:47,2023-12-16 09:45:47,expired
444,195,687,2024-03-26 09:45:47,2024-04-02 09:45:47,expired
445,606,7472,2023-09-17 09:45:47,2023-09-24 09:45:47,expired
446,2,5560,2024-04-29 09:45:47,2024-05-06 09:45:47,borrowed
447,623,4172,2023-12-12 09:45:47,2023-12-19 09:45:47,expired
448,745,691,2024-01-05 09:45:47,2024-01-12 09:45:47,expired
449,345,1229,2024-04-11 09:45:47,2024-04-18 09:45:47,borrowed
450,812,11029,2024-04-30 09:45:47,2024-05-07 09:45:47,borrowed
451,718,3522,2023-12-17 09:45:47,2023-12-24 09:45:47,expired
452,594,4081,2024-01-31 09:45:47,2024-02-07 09:45:47,borrowed
453,965,10721,2024-08-25 09:45:47,2024-09-01 09:45:47,borrowed
454,15,9571,2024-05-08 09:45:47,2024-05-15 09:45:47,borrowed
455,974,5004,2023-12-10 09:45:47,2023-12-17 09:45:47,expired
456,989,8543,2024-03-19 09:45:47,2024-03-26 09:45:47,borrowed
457,3,2631,2023-10-23 09:45:47,2023-10-30 09:45:47,borrowed
458,595,7811,2024-07-07 09:45:47,2024-07-14 09:45:47,expired
459,381,9842,2024-01-29 09:45:47,2024-02-05 09:45:47,borrowed
460,613,10210,2023-11-23 09:45:47,2023-11-30 09:45:47,expired
461,197,7641,2024-04-27 09:45:47,2024-05-04 09:45:47,expired
462,615,2360,2023-10-03 09:45:47,2023-10-10 09:45:47,borrowed
463,420,3066,2024-03-06 09:45:47,2024-03-13 09:45:47,expired
464,314,6329,2023-11-09 09:45:47,2023-11-16 09:45:47,expired
465,406,3939,2023-09-21 09:45:47,2023-09-28 09:45:47,expired
466,567,8607,2023-09-26 09:45:47,2023-10-03 09:45:47,expired
467,1000,9314,2024-08-03 09:45:47,2024-08-10 09:45:47,borrowed
468,70,10762,2023-10-01 09:45:47,2023-10-08 09:45:47,borrowed
469,418,10926,2024-05-30 09:45:47,2024-06-06 09:45:47,borrowed
470,341,8849,2023-11-26 09:45:47,2023-12-03 09:45:47,borrowed
471,679,1349,2023-12-04 09:45:47,2023-12-11 09:45:47,expired
472,78,583,2024-03-10 09:45:47,2024-03-17 09:45:47,borrowed
473,508,1217,2023-10-20 09:45:47,2023-10-27 09:45:47,borrowed
474,347,10457,2024-03-19 09:45:47,2024-03-26 09:45:47,expired
475,2,2991,2024-01-01 09:45:47,2024-01-08 09:45:47,expired
476,397,3418,2023-11-18 09:45:47,2023-11-25 09:45:47,expired
477,898,3211,2024-01-02 09:45:47,2024-01-09 09:45:47,expired
478,290,3391,2024-04-02 09:45:47,2024-04-09 09:45:47,borrowed
479,599,2282,2024-07-04 09:45:47,2024-07-11 09:45:47,expired
480,177,10985,2024-07-17 09:45:47,2024-07-24 09:45:47,expired
481,670,8632,2024-03-21 09:45:47,2024-03-28 09:45:47,borrowed
482,932,9937,2024-06-04 09:45:47,2024-06-11 09:45:47,expired
483,808,6971,2024-06-10 09:45:47,2024-06-17 09:45:47,borrowed
484,831,1473,2024-07-17 09:45:47,2024-07-24 09:45:47,borrowed
485,53,9139,2024-03-18 09:45:47,2024-03-25 09:45:47,expired
486,679,6673,2024-08-18 09:45:47,2024-08-25 09:45:47,borrowed
487,887,595,2024-02-02 09:45:47,2024-02-09 09:45:47,borrowed
488,868,5793,2024-04-09 09:45:47,2024-04-16 09:45:47,expired
489,577,10290,2024-08-25 09:45:47,2024-09-01 09:45:47,borrowed
490,670,10904,2024-04-19 09:45:47,2024-04-26 09:45:47,borrowed
491,768,6206,2023-10-11 09:45:47,2023-10-18 09:45:47,expired
492,44,8137,2024-04-08 09:45:47,2024-04-15 09:45:47,borrowed
493,711,2884,2024-04-16 09:45:47,2024-04-23 09:45:47,borrowed
494,219,6903,2023-11-05 09:45:47,2023-11-12 09:45:47,borrowed
495,807,9122,2024-06-07 09:45:47,2024-06-14 09:45:47,expired
496,680,4626,2024-01-11 09:45:47,2024-01-18 09:45:47,expired
497,170,5589,2024-06-27 09:45:47,2024-07-04 09:45:47,expired
498,551,8288,2024-09-06 09:45:47,2024-09-13 09:45:47,borrowed
499,123,5987,2024-07-08 09:45:47,2024-07-15 09:45:47,expired
500,475,6321,2024-01-10 09:45:47,2024-01-17 09:45:47,borrowed
501,478,9296,2023-10-04 09:45:47,2023-10-11 09:45:47,borrowed
502,678,566,2023-10-22 09:45:47,2023-10-29 09:45:47,borrowed
503,282,3890,2023-11-15 09:45:47,2023-11-22 09:45:47,borrowed
504,627,10443,2024-07-28 09:45:47,2024-08-04 09:45:47,expired
505,698,2407,2024-07-27 09:45:47,2024-08-03 09:45:47,expired
506,149,396,2024-05-13 09:45:47,2024-05-20 09:45:47,expired
507,97,1846,2023-11-03 09:45:47,2023-11-10 09:45:47,expired
508,533,3651,2024-05-14 09:45:47,2024-05-21 09:45:47,borrowed
509,378,11118,2024-06-17 09:45:47,2024-06-24 09:45:47,expired
510,948,10351,2024-02-17 09:45:47,2024-02-24 09:45:47,borrowed
511,558,11072,2024-04-13 09:45:47,2024-04-20 09:45:47,expired
512,191,9289,2023-11-14 09:45:47,2023-11-21 09:45:47,expired
513,67,10881,2023-12-03 09:45:47,2023-12-10 09:45:47,borrowed
514,749,150,2024-04-17 09:45:47,2024-04-24 09:45:47,expired
515,575,7343,2023-09-08 09:45:47,2023-09-15 09:45:47,borrowed
516,650,6270,2024-08-19 09:45:47,2024-08-26 09:45:47,borrowed
517,842,4511,2024-06-25 09:45:47,2024-07-02 09:45:47,borrowed
518,154,10045,2024-03-13 09:45:47,2024-03-20 09:45:47,expired
519,695,1675,2024-08-01 09:45:47,2024-08-08 09:45:47,borrowed
520,124,9982,2024-07-17 09:45:47,2024-07-24 09:45:47,expired
521,94,1390,2024-08-14 09:45:47,2024-08-21 09:45:47,expired
522,261,854,2024-03-07 09:45:47,2024-03-14 09:45:47,expired
523,199,8260,2024-08-09 09:45:47,2024-08-16 09:45:47,borrowed
524,350,9807,2023-12-22 09:45:47,2023-12-29 09:45:47,borrowed
525,715,5302,2024-07-24 09:45:47,2024-07-31 09:45:47,borrowed
526,346,2025,2024-02-06 09:45:47,2024-02-13 09:45:47,expired
527,811,10264,2024-05-01 09:45:47,2024-05-08 09:45:47,borrowed
528,762,5300,2023-09-27 09:45:47,2023-10-04 09:45:47,borrowed
529,294,5104,2024-02-27 09:45:47,2024-03-05 09:45:47,borrowed
530,261,2771,2024-06-18 09:45:47,2024-06-25 09:45:47,borrowed
531,936,10779,2024-08-31 09:45:47,2024-09-07 09:45:47,borrowed
532,824,1623,2024-02-02 09:45:47,2024-02-09 09:45:47,borrowed
533,691,1468,2023-11-01 09:45:47,2023-11-08 09:45:47,expired
534,864,10656,2023-11-03 09:45:47,2023-11-10 09:45:47,expired
535,136,11118,2024-08-21 09:45:47,2024-08-28 09:45:47,expired
536,383,8737,2024-01-31 09:45:47,2024-02-07 09:45:47,expired
537,792,4717,2023-12-10 09:45:47,2023-12-17 09:45:47,borrowed
538,902,5473,2024-06-08 09:45:47,2024-06-15 09:45:47,borrowed
539,918,9661,2024-02-08 09:45:47,2024-02-15 09:45:47,borrowed
540,728,698,2024-02-09 09:45:47,2024-02-16 09:45:47,expired
541,188,4788,2024-05-14 09:45:47,2024-05-21 09:45:47,borrowed
542,126,5656,2024-03-04 09:45:47,2024-03-11 09:45:47,borrowed
543,234,6616,2024-05-24 09:45:47,2024-05-31 09:45:47,expired
544,733,8200,2024-04-21 09:45:47,2024-04-28 09:45:47,borrowed
545,327,2543,2024-03-04 09:45:47,2024-03-11 09:45:47,expired
546,767,4955,2023-11-08 09:45:47,2023-11-15 09:45:47,expired
547,913,3505,2024-04-19 09:45:47,2024-04-26 09:45:47,expired
548,187,484,2024-07-19 09:45:47,2024-07-26 09:45:47,borrowed
549,244,7736,2024-05-03 09:45:47,2024-05-10 09:45:47,expired
550,348,8617,2024-01-27 09:45:47,2024-02-03 09:45:47,expired
551,697,1170,2024-04-07 09:45:47,2024-04-14 09:45:47,expired
552,926,2861,2024-07-06 09:45:47,2024-07-13 09:45:47,borrowed
553,977,6689,2024-01-30 09:45:47,2024-02-06 09:45:47,expired
554,936,10643,2023-12-23 09:45:47,2023-12-30 09:45:47,expired
555,596,2817,2024-04-19 09:45:47,2024-04-26 09:45:47,expired
556,74,6754,2023-12-27 09:45:47,2024-01-03 09:45:47,borrowed
557,367,4600,2024-02-24 09:45:47,2024-03-02 09:45:47,expired
558,154,7847,2024-04-05 09:45:47,2024-04-12 09:45:47,borrowed
559,142,336,2024-02-28 09:45:47,2024-03-06 09:45:47,borrowed
560,375,7989,2024-05-30 09:45:47,2024-06-06 09:45:47,expired
561,540,54,2023-12-17 09:45:47,2023-12-24 09:45:47,borrowed
562,846,5240,2024-06-07 09:45:47,2024-06-14 09:45:47,expired
563,376,4646,2023-10-18 09:45:47,2023-10-25 09:45:47,expired
564,893,6247,2024-02-27 09:45:47,2024-03-05 09:45:47,borrowed
565,864,2773,2024-03-02 09:45:47,2024-03-09 09:45:47,expired
566,390,2821,2024-05-04 09:45:47,2024-05-11 09:45:47,expired
567,101,2550,2024-09-03 09:45:47,2024-09-10 09:45:47,borrowed
568,91,1289,2024-04-30 09:45:47,2024-05-07 09:45:47,borrowed
569,739,3360,2024-02-28 09:45:47,2024-03-06 09:45:47,borrowed
570,939,10814,2024-05-02 09:45:47,2024-05-09 09:45:47,expired
571,30,3295,2024-01-27 09:45:47,2024-02-03 09:45:47,borrowed
572,824,10987,2024-04-29 09:45:47,2024-05-06 09:45:47,expired
573,335,7264,2024-07-23 09:45:47,2024-07-30 09:45:47,borrowed
574,56,9646,2024-04-19 09:45:47,2024-04-26 09:45:47,expired
575,362,6811,2023-10-15 09:45:47,2023-10-22 09:45:47,borrowed
576,377,1918,2023-11-15 09:45:47,2023-11-22 09:45:47,expired
577,894,6764,2024-03-12 09:45:47,2024-03-19 09:45:47,expired
578,213,3376,2024-05-04 09:45:47,2024-05-11 09:45:47,borrowed
579,714,6302,2024-06-12 09:45:47,2024-06-19 09:45:47,expired
580,561,7281,2024-08-09 09:45:47,2024-08-16 09:45:47,expired
581,315,922,2024-04-13 09:45:47,2024-04-20 09:45:47,expired
582,110,8448,2024-03-19 09:45:47,2024-03-26 09:45:47,borrowed
583,838,6806,2024-05-18 09:45:47,2024-05-25 09:45:47,borrowed
584,989,9119,2024-08-18 09:45:47,2024-08-25 09:45:47,borrowed
585,841,5254,2023-09-09 09:45:47,2023-09-16 09:45:47,borrowed
586,699,3682,2024-08-12 09:45:47,2024-08-19 09:45:47,borrowed
587,860,8051,2023-11-25 09:45:47,2023-12-02 09:45:47,expired
588,711,10567,2023-12-30 09:45:47,2024-01-06 09:45:47,expired
589,313,181,2023-10-14 09:45:47,2023-10-21 09:45:47,borrowed
590,100,7344,2023-09-16 09:45:47,2023-09-23 09:45:47,expired
591,218,8166,2024-08-15 09:45:47,2024-08-22 09:45:47,expired
592,497,7641,2024-05-21 09:45:47,2024-05-28 09:45:47,expired
593,529,2881,2024-07-17 09:45:47,2024-07-24 09:45:47,borrowed
594,721,938,2023-09-24 09:45:47,2023-10-01 09:45:47,borrowed
595,790,9993,2024-06-06 09:45:47,2024-06-13 09:45:47,borrowed
596,679,7279,2023-09-30 09:45:47,2023-10-07 09:45:47,expired
597,545,1227,2024-02-11 09:45:47,2024-02-18 09:45:47,expired
598,217,10226,2024-09-02 09:45:47,2024-09-09 09:45:47,expired
599,997,10891,2024-02-09 09:45:47,2024-02-16 09:45:47,borrowed
600,71,4373,2023-12-09 09:45:47,2023-12-16 09:45:47,borrowed
601,437,7640,2024-04-17 09:45:47,2024-04-24 09:45:47,expired
602,557,6738,2024-07-28 09:45:47,2024-08-04 09:45:47,expired
603,822,5505,2024-02-27 09:45:47,2024-03-05 09:45:47,borrowed
604,439,4063,2024-04-12 09:45:47,2024-04-19 09:45:47,expired
605,885,283,2024-01-28 09:45:47,2024-02-04 09:45:47,borrowed
606,43,3546,2024-01-19 09:45:47,2024-01-26 09:45:47,borrowed
607,400,7941,2023-09-17 09:45:47,2023-09-24 09:45:47,borrowed
608,912,8490,2024-07-10 09:45:47,2024-07-17 09:45:47,borrowed
609,481,8407,2024-03-01 09:45:47,2024-03-08 09:45:47,expired
610,38,1656,2023-11-15 09:45:47,2023-11-22 09:45:47,borrowed
611,327,6260,2024-05-14 09:45:47,2024-05-21 09:45:47,expired
612,93,2085,2024-02-05 09:45:47,2024-02-12 09:45:47,borrowed
613,766,1530,2023-12-21 09:45:47,2023-12-28 09:45:47,borrowed
614,646,3428,2024-01-28 09:45:47,2024-02-04 09:45:47,expired
615,626,11071,2023-10-27 09:45:47,2023-11-03 09:45:47,expired
616,638,1357,2023-12-03 09:45:47,2023-12-10 09:45:47,expired
617,216,360,2023-09-18 09:45:47,2023-09-25 09:45:47,borrowed
618,578,6358,2023-10-06 09:45:47,2023-10-13 09:45:47,borrowed
619,146,1248,2024-08-27 09:45:47,2024-09-03 09:45:47,expired
620,10,1983,2024-07-16 09:45:47,2024-07-23 09:45:47,borrowed
621,763,6805,2024-02-12 09:45:47,2024-02-19 09:45:47,expired
622,999,1860,2024-03-13 09:45:47,2024-03-20 09:45:47,expired
623,780,9087,2024-06-22 09:45:47,2024-06-29 09:45:47,expired
624,166,2326,2023-10-08 09:45:47,2023-10-15 09:45:47,expired
625,657,10893,2023-10-10 09:45:47,2023-10-17 09:45:47,borrowed
626,340,5452,2024-08-01 09:45:47,2024-08-08 09:45:47,expired
627,651,341,2024-04-18 09:45:47,2024-04-25 09:45:47,expired
628,890,6119,2023-12-10 09:45:47,2023-12-17 09:45:47,expired
629,174,3986,2024-07-11 09:45:47,2024-07-18 09:45:47,expired
630,161,540,2023-11-18 09:45:47,2023-11-25 09:45:47,borrowed
631,146,9683,2023-11-03 09:45:47,2023-11-10 09:45:47,expired
632,421,2238,2024-08-24 09:45:47,2024-08-31 09:45:47,expired
633,656,4008,2024-04-12 09:45:47,2024-04-19 09:45:47,borrowed
634,932,4292,2024-01-24 09:45:47,2024-01-31 09:45:47,borrowed
635,202,4646,2024-02-05 09:45:47,2024-02-12 09:45:47,borrowed
636,79,9556,2024-01-16 09:45:47,2024-01-23 09:45:47,borrowed
637,197,6422,2024-03-13 09:45:47,2024-03-20 09:45:47,borrowed
638,638,5878,2024-05-19 09:45:47,2024-05-26 09:45:47,expired
639,496,2563,2023-12-01 09:45:47,2023-12-08 09:45:47,borrowed
640,915,1459,2024-01-13 09:45:47,2024-01-20 09:45:47,borrowed
641,144,8941,2023-09-17 09:45:47,2023-09-24 09:45:47,expired
642,281,997,2024-05-24 09:45:47,2024-05-31 09:45:47,borrowed
643,434,6474,2024-01-12 09:45:47,2024-01-19 09:45:47,borrowed
644,96,5327,2024-03-21 09:45:47,2024-03-28 09:45:47,expired
645,351,7268,2024-03-17 09:45:47,2024-03-24 09:45:47,expired
646,316,9935,2024-03-17 09:45:47,2024-03-24 09:45:47,expired
647,205,9257,2024-08-18 09:45:47,2024-08-25 09:45:47,expired
648,603,8128,2024-02-20 09:45:47,2024-02-27 09:45:47,expired
649,164,10607,2023-12-16 09:45:47,2023-12-23 09:45:47,expired
650,870,5407,2024-04-21 09:45:47,2024-04-28 09:45:47,borrowed
651,124,10308,2024-05-10 09:45:47,2024-05-17 09:45:47,expired
652,811,651,2023-09-30 09:45:47,2023-10-07 09:45:47,expired
653,593,9162,2024-06-06 09:45:47,2024-06-13 09:45:47,expired
654,695,3282,2024-01-18 09:45:47,2024-01-25 09:45:47,expired
655,776,8057,2023-10-18 09:45:47,2023-10-25 09:45:47,borrowed
656,730,9914,2024-07-04 09:45:47,2024-07-11 09:45:47,expired
657,140,5362,2024-01-02 09:45:47,2024-01-09 09:45:47,borrowed
658,831,6213,2023-11-26 09:45:47,2023-12-03 09:45:47,borrowed
659,254,4759,2024-09-04 09:45:47,2024-09-11 09:45:47,expired
660,340,5867,2024-05-30 09:45:47,2024-06-06 09:45:47,borrowed
661,320,3286,2024-03-16 09:45:47,2024-03-23 09:45:47,expired
662,24,9098,2023-11-10 09:45:47,2023-11-17 09:45:47,expired
663,360,10264,2024-06-06 09:45:47,2024-06-13 09:45:47,expired
664,984,470,2024-05-30 09:45:47,2024-06-06 09:45:47,expired
665,241,10033,2023-10-01 09:45:47,2023-10-08 09:45:47,borrowed
666,264,7153,2024-07-27 09:45:47,2024-08-03 09:45:47,borrowed
667,316,7009,2023-12-09 09:45:47,2023-12-16 09:45:47,expired
668,942,1594,2024-05-19 09:45:47,2024-05-26 09:45:47,borrowed
669,245,8971,2023-10-06 09:45:47,2023-10-13 09:45:47,expired
670,111,605,2024-04-26 09:45:47,2024-05-03 09:45:47,expired
671,889,355,2024-07-17 09:45:47,2024-07-24 09:45:47,expired
672,233,1013,2023-10-29 09:45:47,2023-11-05 09:45:47,borrowed
673,470,1311,2023-09-25 09:45:47,2023-10-02 09:45:47,expired
674,798,4918,2024-04-28 09:45:47,2024-05-05 09:45:47,expired
675,19,2604,2024-02-20 09:45:47,2024-02-27 09:45:47,borrowed
676,357,6112,2024-07-01 09:45:47,2024-07-08 09:45:47,borrowed
677,98,5577,2023-11-29 09:45:47,2023-12-06 09:45:47,borrowed
678,980,4692,2024-01-02 09:45:47,2024-01-09 09:45:47,expired
679,185,1922,2024-03-24 09:45:47,2024-03-31 09:45:47,borrowed
680,913,8409,2024-07-14 09:45:47,2024-07-21 09:45:47,borrowed
681,574,5680,2023-11-04 09:45:47,2023-11-11 09:45:47,expired
682,372,8034,2023-10-29 09:45:47,2023-11-05 09:45:47,borrowed
683,187,7561,2024-05-16 09:45:47,2024-05-23 09:45:47,borrowed
684,26,2952,2023-09-26 09:45:47,2023-10-03 09:45:47,expired
685,506,6554,2023-12-21 09:45:47,2023-12-28 09:45:47,expired
686,315,6334,2024-03-21 09:45:47,2024-03-28 09:45:47,borrowed
687,38,6682,2024-05-11 09:45:47,2024-05-18 09:45:47,expired
688,103,7976,2024-07-04 09:45:47,2024-07-11 09:45:47,borrowed
689,206,4235,2024-06-04 09:45:47,2024-06-11 09:45:47,expired
690,694,1240,2024-03-26 09:45:47,2024-04-02 09:45:47,expired
691,824,8437,2024-02-01 09:45:47,2024-02-08 09:45:47,expired
692,98,7373,2024-09-02 09:45:47,2024-09-09 09:45:47,expired
693,834,154,2024-08-24 09:45:47,2024-08-31 09:45:47,expired
694,433,2374,2024-05-13 09:45:47,2024-05-20 09:45:47,borrowed
695,290,8735,2024-06-23 09:45:47,2024-06-30 09:45:47,expired
696,602,5119,2024-03-20 09:45:47,2024-03-27 09:45:47,borrowed
697,95,2592,2024-06-18 09:45:47,2024-06-25 09:45:47,borrowed
698,380,9918,2024-06-15 09:45:47,2024-06-22 09:45:47,expired
699,951,7011,2024-04-12 09:45:47,2024-04-19 09:45:47,expired
700,237,5412,2024-06-14 09:45:47,2024-06-21 09:45:47,borrowed
701,224,9450,2023-10-17 09:45:47,2023-10-24 09:45:47,expired
702,693,5194,2024-03-14 09:45:47,2024-03-21 09:45:47,expired
703,365,3222,2024-05-04 09:45:47,2024-05-11 09:45:47,expired
704,753,9068,2023-10-17 09:45:47,2023-10-24 09:45:47,expired
705,211,8877,2024-01-08 09:45:47,2024-01-15 09:45:47,expired
706,82,6657,2023-12-07 09:45:47,2023-12-14 09:45:47,expired
707,753,7918,2023-12-02 09:45:47,2023-12-09 09:45:47,borrowed
708,952,4569,2024-07-19 09:45:47,2024-07-26 09:45:47,expired
709,827,5377,2024-07-02 09:45:47,2024-07-09 09:45:47,expired
710,808,9371,2023-11-17 09:45:47,2023-11-24 09:45:47,borrowed
711,490,1342,2023-12-09 09:45:47,2023-12-16 09:45:47,expired
712,442,187,2024-09-06 09:45:47,2024-09-13 09:45:47,borrowed
713,543,1348,2024-01-07 09:45:47,2024-01-14 09:45:47,expired
714,150,8491,2024-05-18 09:45:47,2024-05-25 09:45:47,borrowed
715,598,3885,2024-07-24 09:45:47,2024-07-31 09:45:47,borrowed
716,639,6359,2024-06-13 09:45:47,2024-06-20 09:45:47,borrowed
717,266,8065,2024-01-01 09:45:47,2024-01-08 09:45:47,borrowed
718,887,2620,2024-03-21 09:45:47,2024-03-28 09:45:47,expired
719,784,10962,2024-01-20 09:45:47,2024-01-27 09:45:47,expired
720,666,8133,2024-01-06 09:45:47,2024-01-13 09:45:47,borrowed
721,859,6912,2023-09-30 09:45:47,2023-10-07 09:45:47,expired
722,727,9739,2023-10-12 09:45:47,2023-10-19 09:45:47,borrowed
723,497,3353,2024-03-30 09:45:47,2024-04-06 09:45:47,expired
724,749,9373,2024-07-31 09:45:47,2024-08-07 09:45:47,borrowed
725,735,2251,2023-10-19 09:45:47,2023-10-26 09:45:47,expired
726,633,4763,2024-02-09 09:45:47,2024-02-16 09:45:47,borrowed
727,774,3739,2023-11-25 09:45:47,2023-12-02 09:45:47,expired
728,174,208,2023-11-17 09:45:47,2023-11-24 09:45:47,borrowed
729,958,6942,2023-12-07 09:45:47,2023-12-14 09:45:47,expired
730,901,672,2024-05-05 09:45:47,2024-05-12 09:45:47,expired
731,396,8170,2024-02-07 09:45:47,2024-02-14 09:45:47,expired
732,756,10991,2023-11-11 09:45:47,2023-11-18 09:45:47,borrowed
733,26,2940,2024-04-23 09:45:47,2024-04-30 09:45:47,borrowed
734,499,446,2023-11-16 09:45:47,2023-11-23 09:45:47,expired
735,133,9137,2024-06-23 09:45:47,2024-06-30 09:45:47,expired
736,188,8228,2024-01-27 09:45:47,2024-02-03 09:45:47,borrowed
737,595,7073,2024-01-21 09:45:47,2024-01-28 09:45:47,borrowed
738,483,1787,2023-11-15 09:45:47,2023-11-22 09:45:47,borrowed
739,371,4044,2024-05-14 09:45:47,2024-05-21 09:45:47,borrowed
740,479,4359,2024-05-21 09:45:47,2024-05-28 09:45:47,expired
741,958,10643,2024-08-24 09:45:47,2024-08-31 09:45:47,expired
742,411,4678,2024-03-28 09:45:47,2024-04-04 09:45:47,expired
743,339,10958,2024-04-12 09:45:47,2024-04-19 09:45:47,borrowed
744,49,5179,2024-03-04 09:45:47,2024-03-11 09:45:47,expired
745,163,4401,2023-10-28 09:45:47,2023-11-04 09:45:47,borrowed
746,808,7689,2024-07-24 09:45:47,2024-07-31 09:45:47,borrowed
747,15,12,2024-08-07 09:45:47,2024-08-14 09:45:47,expired
748,123,310,2024-08-19 09:45:47,2024-08-26 09:45:47,borrowed
749,729,8891,2024-08-12 09:45:47,2024-08-19 09:45:47,expired
750,153,3181,2024-01-24 09:45:47,2024-01-31 09:45:47,expired
751,106,10931,2024-01-26 09:45:47,2024-02-02 09:45:47,borrowed
752,174,7421,2024-06-21 09:45:47,2024-06-28 09:45:47,expired
753,208,10440,2024-02-12 09:45:47,2024-02-19 09:45:47,borrowed
754,579,2645,2024-06-03 09:45:47,2024-06-10 09:45:47,borrowed
755,805,7979,2023-09-20 09:45:47,2023-09-27 09:45:47,expired
756,875,3513,2024-03-24 09:45:47,2024-03-31 09:45:47,expired
757,58,333,2024-02-20 09:45:47,2024-02-27 09:45:47,expired
758,343,3609,2024-05-30 09:45:47,2024-06-06 09:45:47,borrowed
759,301,1137,2023-11-08 09:45:47,2023-11-15 09:45:47,expired
760,209,9603,2023-12-11 09:45:47,2023-12-18 09:45:47,borrowed
761,410,1979,2024-06-07 09:45:47,2024-06-14 09:45:47,borrowed
762,945,3876,2023-11-14 09:45:47,2023-11-21 09:45:47,borrowed
763,132,1647,2024-07-14 09:45:47,2024-07-21 09:45:47,borrowed
764,950,6077,2023-10-17 09:45:47,2023-10-24 09:45:47,borrowed
765,894,8442,2024-07-24 09:45:47,2024-07-31 09:45:47,borrowed
766,391,3282,2024-03-03 09:45:47,2024-03-10 09:45:47,borrowed
767,794,419,2024-03-13 09:45:47,2024-03-20 09:45:47,borrowed
768,723,8777,2024-04-07 09:45:47,2024-04-14 09:45:47,borrowed
769,221,9802,2024-08-18 09:45:47,2024-08-25 09:45:47,borrowed
770,376,2115,2024-07-11 09:45:47,2024-07-18 09:45:47,borrowed
771,12,10243,2024-01-05 09:45:47,2024-01-12 09:45:47,borrowed
772,706,8593,2024-09-02 09:45:47,2024-09-09 09:45:47,expired
773,658,10872,2024-05-26 09:45:47,2024-06-02 09:45:47,borrowed
774,368,7330,2024-05-12 09:45:47,2024-05-19 09:45:47,expired
775,651,1090,2023-12-16 09:45:47,2023-12-23 09:45:47,expired
776,303,5637,2024-01-03 09:45:47,2024-01-10 09:45:47,borrowed
777,204,6735,2023-09-25 09:45:47,2023-10-02 09:45:47,expired
778,677,10833,2024-03-28 09:45:47,2024-04-04 09:45:47,borrowed
779,370,2394,2024-05-03 09:45:47,2024-05-10 09:45:47,borrowed
780,817,2594,2024-01-05 09:45:47,2024-01-12 09:45:47,expired
781,676,6111,2024-07-05 09:45:47,2024-07-12 09:45:47,borrowed
782,119,5951,2024-08-06 09:45:47,2024-08-13 09:45:47,expired
783,832,4751,2024-05-29 09:45:47,2024-06-05 09:45:47,expired
784,736,2164,2024-08-25 09:45:47,2024-09-01 09:45:47,expired
785,209,4275,2023-09-07 09:45:47,2023-09-14 09:45:47,expired
786,552,2523,2023-09-30 09:45:47,2023-10-07 09:45:47,borrowed
787,660,57,2023-11-28 09:45:47,2023-12-05 09:45:47,expired
788,403,6091,2023-12-31 09:45:47,2024-01-07 09:45:47,borrowed
789,993,2551,2023-09-08 09:45:47,2023-09-15 09:45:47,expired
790,269,10794,2023-10-29 09:45:47,2023-11-05 09:45:47,borrowed
791,782,6821,2023-11-10 09:45:47,2023-11-17 09:45:47,borrowed
792,992,10030,2023-11-12 09:45:47,2023-11-19 09:45:47,borrowed
793,383,4992,2024-02-18 09:45:47,2024-02-25 09:45:47,expired
794,242,254,2024-02-26 09:45:47,2024-03-04 09:45:47,expired
795,369,5805,2023-11-12 09:45:47,2023-11-19 09:45:47,borrowed
796,389,8549,2024-05-25 09:45:47,2024-06-01 09:45:47,expired
797,997,9832,2024-09-03 09:45:47,2024-09-10 09:45:47,expired
798,288,4759,2024-07-09 09:45:47,2024-07-16 09:45:47,borrowed
799,167,6250,2024-01-01 09:45:47,2024-01-08 09:45:47,borrowed
800,828,9959,2024-09-04 09:45:47,2024-09-11 09:45:47,expired
801,258,4033,2023-10-15 09:45:47,2023-10-22 09:45:47,borrowed
802,437,7521,2024-07-15 09:45:47,2024-07-22 09:45:47,borrowed
803,241,5248,2023-12-08 09:45:47,2023-12-15 09:45:47,borrowed
804,86,1412,2024-03-03 09:45:47,2024-03-10 09:45:47,borrowed
805,257,4143,2024-08-18 09:45:47,2024-08-25 09:45:47,borrowed
806,16,8791,2024-07-07 09:45:47,2024-07-14 09:45:47,borrowed
807,431,9349,2024-03-26 09:45:47,2024-04-02 09:45:47,expired
808,157,10475,2023-11-24 09:45:47,2023-12-01 09:45:47,borrowed
809,266,1565,2024-01-07 09:45:47,2024-01-14 09:45:47,borrowed
810,9,10907,2024-01-17 09:45:47,2024-01-24 09:45:47,expired
811,36,9565,2024-01-16 09:45:47,2024-01-23 09:45:47,borrowed
812,613,8326,2023-09-14 09:45:47,2023-09-21 09:45:47,borrowed
813,917,8552,2023-11-21 09:45:47,2023-11-28 09:45:47,borrowed
814,948,1096,2024-08-28 09:45:47,2024-09-04 09:45:47,expired
815,258,1854,2024-08-24 09:45:47,2024-08-31 09:45:47,expired
816,797,500,2024-06-21 09:45:47,2024-06-28 09:45:47,borrowed
817,188,82,2024-04-18 09:45:47,2024-04-25 09:45:47,borrowed
818,118,9022,2024-05-16 09:45:47,2024-05-23 09:45:47,borrowed
819,35,1765,2024-04-27 09:45:47,2024-05-04 09:45:47,borrowed
820,534,6410,2024-02-15 09:45:47,2024-02-22 09:45:47,expired
821,664,9858,2024-04-29 09:45:47,2024-05-06 09:45:47,expired
822,525,6108,2024-03-17 09:45:47,2024-03-24 09:45:47,expired
823,268,10323,2024-05-20 09:45:47,2024-05-27 09:45:47,borrowed
824,480,3349,2024-02-14 09:45:47,2024-02-21 09:45:47,borrowed
825,250,4881,2024-04-05 09:45:47,2024-04-12 09:45:47,borrowed
826,820,3176,2024-05-29 09:45:47,2024-06-05 09:45:47,borrowed
827,813,278,2024-08-09 09:45:47,2024-08-16 09:45:47,borrowed
828,209,6394,2023-09-11 09:45:47,2023-09-18 09:45:47,borrowed
829,220,4944,2023-10-06 09:45:47,2023-10-13 09:45:47,expired
830,482,5354,2024-08-30 09:45:47,2024-09-06 09:45:47,expired
831,507,2332,2024-04-26 09:45:47,2024-05-03 09:45:47,borrowed
832,907,3939,2024-04-25 09:45:47,2024-05-02 09:45:47,borrowed
833,733,3085,2024-02-19 09:45:47,2024-02-26 09:45:47,borrowed
834,564,6164,2024-08-01 09:45:47,2024-08-08 09:45:47,borrowed
835,819,3336,2024-09-05 09:45:47,2024-09-12 09:45:47,borrowed
836,276,3865,2024-02-20 09:45:47,2024-02-27 09:45:47,expired
837,992,7001,2024-01-16 09:45:47,2024-01-23 09:45:47,expired
838,298,7017,2024-02-04 09:45:47,2024-02-11 09:45:47,borrowed
839,172,5136,2024-08-18 09:45:47,2024-08-25 09:45:47,expired
840,366,7726,2023-10-29 09:45:47,2023-11-05 09:45:47,expired
841,585,1848,2024-07-03 09:45:47,2024-07-10 09:45:47,borrowed
842,133,6722,2024-02-19 09:45:47,2024-02-26 09:45:47,borrowed
843,170,9734,2024-06-29 09:45:47,2024-07-06 09:45:47,expired
844,516,6550,2023-12-12 09:45:47,2023-12-19 09:45:47,expired
845,235,9060,2023-09-25 09:45:47,2023-10-02 09:45:47,expired
846,71,3939,2023-11-28 09:45:47,2023-12-05 09:45:47,expired
847,902,500,2024-02-18 09:45:47,2024-02-25 09:45:47,expired
848,6,4389,2024-04-19 09:45:47,2024-04-26 09:45:47,borrowed
849,264,8408,2024-05-12 09:45:47,2024-05-19 09:45:47,borrowed
850,48,4804,2023-09-09 09:45:47,2023-09-16 09:45:47,borrowed
851,10,6464,2023-11-18 09:45:47,2023-11-25 09:45:47,borrowed
852,740,2985,2024-04-17 09:45:47,2024-04-24 09:45:47,expired
853,178,10391,2024-06-21 09:45:47,2024-06-28 09:45:47,borrowed
854,43,1798,2024-08-09 09:45:47,2024-08-16 09:45:47,borrowed
855,454,7953,2024-06-16 09:45:47,2024-06-23 09:45:47,expired
856,337,6177,2024-04-06 09:45:47,2024-04-13 09:45:47,expired
857,887,7636,2024-02-17 09:45:47,2024-02-24 09:45:47,borrowed
858,773,2194,2024-07-19 09:45:47,2024-07-26 09:45:47,borrowed
859,113,5455,2024-02-24 09:45:47,2024-03-02 09:45:47,expired
860,144,8595,2024-08-27 09:45:47,2024-09-03 09:45:47,expired
861,400,1833,2023-11-22 09:45:47,2023-11-29 09:45:47,borrowed
862,75,10682,2024-04-01 09:45:47,2024-04-08 09:45:47,expired
863,298,10611,2024-02-04 09:45:47,2024-02-11 09:45:47,expired
864,427,1016,2023-11-05 09:45:47,2023-11-12 09:45:47,expired
865,742,7953,2024-02-07 09:45:47,2024-02-14 09:45:47,borrowed
866,579,6384,2024-05-27 09:45:47,2024-06-03 09:45:47,borrowed
867,766,89,2024-07-22 09:45:47,2024-07-29 09:45:47,expired
868,623,6437,2023-09-16 09:45:47,2023-09-23 09:45:47,borrowed
869,510,512,2023-12-01 09:45:47,2023-12-08 09:45:47,borrowed
870,838,403,2023-10-23 09:45:47,2023-10-30 09:45:47,borrowed
871,998,1874,2024-04-12 09:45:47,2024-04-19 09:45:47,expired
872,398,3279,2024-01-27 09:45:47,2024-02-03 09:45:47,expired
873,193,9237,2023-09-14 09:45:47,2023-09-21 09:45:47,expired
874,118,3803,2024-08-06 09:45:47,2024-08-13 09:45:47,borrowed
875,79,4657,2024-05-09 09:45:47,2024-05-16 09:45:47,borrowed
876,868,10370,2024-03-05 09:45:47,2024-03-12 09:45:47,expired
877,882,10884,2024-03-11 09:45:47,2024-03-18 09:45:47,borrowed
878,796,8402,2024-05-20 09:45:47,2024-05-27 09:45:47,borrowed
879,708,8317,2023-09-07 09:45:47,2023-09-14 09:45:47,borrowed
880,101,11033,2024-01-22 09:45:47,2024-01-29 09:45:47,borrowed
881,62,8089,2024-05-17 09:45:47,2024-05-24 09:45:47,borrowed
882,735,321,2023-10-31 09:45:47,2023-11-07 09:45:47,expired
883,851,6514,2023-09-29 09:45:47,2023-10-06 09:45:47,borrowed
884,390,8030,2023-12-26 09:45:47,2024-01-02 09:45:47,expired
885,18,5830,2024-05-21 09:45:47,2024-05-28 09:45:47,borrowed
886,29,571,2023-10-06 09:45:47,2023-10-13 09:45:47,borrowed
887,638,1554,2023-10-29 09:45:47,2023-11-05 09:45:47,expired
888,467,9768,2024-01-11 09:45:47,2024-01-18 09:45:47,borrowed
889,658,7017,2023-10-09 09:45:47,2023-10-16 09:45:47,borrowed
890,999,3496,2024-03-28 09:45:47,2024-04-04 09:45:47,expired
891,129,9371,2024-03-27 09:45:47,2024-04-03 09:45:47,borrowed
892,279,10162,2024-05-10 09:45:47,2024-05-17 09:45:47,expired
893,338,2930,2024-01-28 09:45:47,2024-02-04 09:45:47,expired
894,216,8349,2023-12-23 09:45:47,2023-12-30 09:45:47,borrowed
895,50,6702,2024-07-24 09:45:47,2024-07-31 09:45:47,borrowed
896,157,8051,2024-06-26 09:45:47,2024-07-03 09:45:47,expired
897,364,4524,2023-12-02 09:45:47,2023-12-09 09:45:47,expired
898,946,3666,2024-05-23 09:45:47,2024-05-30 09:45:47,expired
899,764,4246,2023-11-03 09:45:47,2023-11-10 09:45:47,borrowed
900,566,5263,2023-10-14 09:45:47,2023-10-21 09:45:47,expired
901,923,1594,2024-06-05 09:45:47,2024-06-12 09:45:47,expired
902,713,6640,2023-11-19 09:45:47,2023-11-26 09:45:47,expired
903,890,3087,2023-11-15 09:45:47,2023-11-22 09:45:47,borrowed
904,726,1612,2024-03-31 09:45:47,2024-04-07 09:45:47,borrowed
905,138,5543,2024-08-14 09:45:47,2024-08-21 09:45:47,expired
906,271,9727,2023-11-06 09:45:47,2023-11-13 09:45:47,expired
907,743,6255,2023-12-08 09:45:47,2023-12-15 09:45:47,borrowed
908,983,4849,2023-11-22 09:45:47,2023-11-29 09:45:47,borrowed
909,187,4608,2023-11-04 09:45:47,2023-11-11 09:45:47,expired
910,921,5166,2024-04-22 09:45:47,2024-04-29 09:45:47,borrowed
911,944,4280,2023-10-06 09:45:47,2023-10-13 09:45:47,borrowed
912,68,9988,2024-07-12 09:45:47,2024-07-19 09:45:47,expired
913,658,9774,2024-01-17 09:45:47,2024-01-24 09:45:47,borrowed
914,502,10333,2024-04-15 09:45:47,2024-04-22 09:45:47,borrowed
915,180,9784,2024-02-16 09:45:47,2024-02-23 09:45:47,borrowed
916,119,8570,2024-04-21 09:45:47,2024-04-28 09:45:47,expired
917,881,6011,2024-09-01 09:45:47,2024-09-08 09:45:47,borrowed
918,282,1266,2023-12-24 09:45:47,2023-12-31 09:45:47,expired
919,194,9733,2024-04-30 09:45:47,2024-05-07 09:45:47,expired
920,422,324,2024-04-05 09:45:47,2024-04-12 09:45:47,expired
921,700,7665,2024-06-06 09:45:47,2024-06-13 09:45:47,expired
922,969,1726,2024-07-08 09:45:47,2024-07-15 09:45:47,expired
923,44,144,2024-02-06 09:45:47,2024-02-13 09:45:47,borrowed
924,788,8027,2024-02-07 09:45:47,2024-02-14 09:45:47,expired
925,425,8127,2024-02-21 09:45:47,2024-02-28 09:45:47,borrowed
926,134,10199,2024-03-15 09:45:47,2024-03-22 09:45:47,borrowed
927,468,10199,2024-06-07 09:45:47,2024-06-14 09:45:47,borrowed
928,428,1401,2024-01-15 09:45:47,2024-01-22 09:45:47,borrowed
929,142,1180,2023-12-28 09:45:47,2024-01-04 09:45:47,expired
930,12,6009,2024-01-01 09:45:47,2024-01-08 09:45:47,expired
931,782,2164,2023-09-18 09:45:47,2023-09-25 09:45:47,borrowed
932,497,340,2024-01-03 09:45:47,2024-01-10 09:45:47,expired
933,989,2666,2024-02-01 09:45:47,2024-02-08 09:45:47,borrowed
934,526,710,2024-08-05 09:45:47,2024-08-12 09:45:47,expired
935,616,6734,2023-11-24 09:45:47,2023-12-01 09:45:47,borrowed
936,176,6938,2024-06-15 09:45:47,2024-06-22 09:45:47,borrowed
937,313,10259,2024-04-06 09:45:47,2024-04-13 09:45:47,expired
938,798,4330,2024-04-21 09:45:47,2024-04-28 09:45:47,borrowed
939,771,9939,2024-06-24 09:45:47,2024-07-01 09:45:47,expired
940,551,1393,2024-07-18 09:45:47,2024-07-25 09:45:47,borrowed
941,870,10114,2023-11-18 09:45:47,2023-11-25 09:45:47,expired
942,950,8867,2023-11-14 09:45:47,2023-11-21 09:45:47,borrowed
943,864,6982,2024-02-18 09:45:47,2024-02-25 09:45:47,borrowed
944,45,32,2023-09-27 09:45:47,2023-10-04 09:45:47,borrowed
945,910,4300,2024-07-07 09:45:47,2024-07-14 09:45:47,borrowed
946,437,10327,2024-01-13 09:45:47,2024-01-20 09:45:47,expired
947,139,8448,2023-12-03 09:45:47,2023-12-10 09:45:47,expired
948,117,7996,2023-12-31 09:45:47,2024-01-07 09:45:47,borrowed
949,301,5618,2024-05-01 09:45:47,2024-05-08 09:45:47,expired
950,540,2259,2024-07-29 09:45:47,2024-08-05 09:45:47,borrowed
951,818,7802,2024-02-18 09:45:47,2024-02-25 09:45:47,borrowed
952,854,4221,2024-07-22 09:45:47,2024-07-29 09:45:47,expired
953,766,10495,2023-10-31 09:45:47,2023-11-07 09:45:47,borrowed
954,540,4876,2024-01-31 09:45:47,2024-02-07 09:45:47,borrowed
955,804,5259,2024-05-13 09:45:47,2024-05-20 09:45:47,borrowed
956,359,3340,2024-05-13 09:45:47,2024-05-20 09:45:47,expired
957,402,5266,2024-04-26 09:45:47,2024-05-03 09:45:47,expired
958,538,7535,2024-03-29 09:45:47,2024-04-05 09:45:47,borrowed
959,805,4669,2023-12-01 09:45:47,2023-12-08 09:45:47,borrowed
960,818,5776,2024-06-26 09:45:47,2024-07-03 09:45:47,expired
961,173,10016,2024-07-17 09:45:47,2024-07-24 09:45:47,expired
962,31,2668,2024-04-10 09:45:47,2024-04-17 09:45:47,expired
963,394,7012,2024-06-10 09:45:47,2024-06-17 09:45:47,expired
964,354,10500,2024-05-18 09:45:47,2024-05-25 09:45:47,borrowed
965,333,2887,2024-07-23 09:45:47,2024-07-30 09:45:47,expired
966,73,9836,2023-09-23 09:45:47,2023-09-30 09:45:47,borrowed
967,23,5595,2024-05-02 09:45:47,2024-05-09 09:45:47,borrowed
968,95,5638,2024-04-10 09:45:47,2024-04-17 09:45:47,expired
969,258,9583,2024-05-29 09:45:47,2024-06-05 09:45:47,expired
970,146,10949,2024-01-14 09:45:47,2024-01-21 09:45:47,borrowed
971,391,8416,2023-10-23 09:45:47,2023-10-30 09:45:47,expired
972,79,6398,2024-03-19 09:45:47,2024-03-26 09:45:47,expired
973,491,11080,2023-09-29 09:45:47,2023-10-06 09:45:47,expired
974,901,10841,2024-02-21 09:45:47,2024-02-28 09:45:47,borrowed
975,227,1098,2023-10-09 09:45:47,2023-10-16 09:45:47,borrowed
976,953,2323,2023-09-11 09:45:47,2023-09-18 09:45:47,borrowed
977,68,1400,2024-06-25 09:45:47,2024-07-02 09:45:47,expired
978,980,4541,2024-04-11 09:45:47,2024-04-18 09:45:47,borrowed
979,257,10936,2024-02-26 09:45:47,2024-03-04 09:45:47,borrowed
980,807,6807,2023-11-06 09:45:47,2023-11-13 09:45:47,borrowed
981,207,4651,2024-08-02 09:45:47,2024-08-09 09:45:47,expired
982,210,6777,2024-05-02 09:45:47,2024-05-09 09:45:47,expired
983,446,8648,2024-04-30 09:45:47,2024-05-07 09:45:47,expired
984,855,6745,2024-02-20 09:45:47,2024-02-27 09:45:47,expired
985,942,5912,2023-09-21 09:45:47,2023-09-28 09:45:47,expired
986,953,4263,2024-08-15 09:45:47,2024-08-22 09:45:47,borrowed
987,742,812,2023-11-16 09:45:47,2023-11-23 09:45:47,borrowed
988,590,10806,2024-08-15 09:45:47,2024-08-22 09:45:47,borrowed
989,380,9136,2024-05-03 09:45:47,2024-05-10 09:45:47,expired
990,319,8740,2024-06-14 09:45:47,2024-06-21 09:45:47,expired
991,656,10043,2024-04-07 09:45:47,2024-04-14 09:45:47,borrowed
992,522,4137,2023-11-24 09:45:47,2023-12-01 09:45:47,borrowed
993,864,2876,2024-03-21 09:45:47,2024-03-28 09:45:47,expired
994,639,5920,2024-06-27 09:45:47,2024-07-04 09:45:47,expired
995,280,817,2023-12-29 09:45:47,2024-01-05 09:45:47,borrowed
996,782,6058,2024-08-14 09:45:47,2024-08-21 09:45:47,borrowed
997,902,2858,2024-01-17 09:45:47,2024-01-24 09:45:47,borrowed
998,874,11113,2023-12-01 09:45:47,2023-12-08 09:45:47,expired
999,660,184,2024-03-01 09:45:47,2024-03-08 09:45:47,borrowed
1000,807,2468,2024-04-08 09:45:47,2024-04-15 09:45:47,expired
