loan_id,user_id,library_book_id,loan_date,due_date,return_date
1,551,4564,2023-09-10 09:45:46,2023-09-24 09:45:46,2023-09-13 09:45:46
2,267,5530,2024-01-05 09:45:46,2024-01-19 09:45:46,2024-01-06 09:45:46
3,84,4182,2024-04-24 09:45:46,2024-05-08 09:45:46,2024-04-26 09:45:46
4,156,8200,2024-01-26 09:45:46,2024-02-09 09:45:46,2024-02-08 09:45:46
5,974,5605,2023-10-04 09:45:46,2023-10-18 09:45:46,2023-10-06 09:45:46
6,213,6966,2023-10-09 09:45:46,2023-10-23 09:45:46,2023-10-13 09:45:46
7,191,8377,2023-10-31 09:45:46,2023-11-14 09:45:46,2023-11-08 09:45:46
8,573,10163,2024-04-20 09:45:46,2024-05-04 09:45:46,2024-05-03 09:45:46
9,115,2670,2024-02-20 09:45:46,2024-03-05 09:45:46,2024-02-22 09:45:46
10,925,4901,2023-10-21 09:45:46,2023-11-04 09:45:46,2023-10-27 09:45:46
11,206,9197,2024-04-05 09:45:46,2024-04-19 09:45:46,2024-04-08 09:45:46
12,556,10079,2024-02-28 09:45:46,2024-03-13 09:45:46,2024-03-08 09:45:46
13,172,8701,2024-01-21 09:45:46,2024-02-04 09:45:46,2024-01-28 09:45:46
14,126,1557,2023-10-25 09:45:46,2023-11-08 09:45:46,2023-11-02 09:45:46
15,278,4539,2024-07-22 09:45:46,2024-08-05 09:45:46,2024-08-04 09:45:46
16,739,1608,2023-09-21 09:45:46,2023-10-05 09:45:46,2023-09-22 09:45:46
17,427,2095,2023-11-13 09:45:46,2023-11-27 09:45:46,2023-11-25 09:45:46
18,680,9710,2024-03-01 09:45:46,2024-03-15 09:45:46,2024-03-12 09:45:46
19,460,1413,2024-08-16 09:45:46,2024-08-30 09:45:46,2024-08-16 09:45:46
20,687,10320,2024-01-29 09:45:46,2024-02-12 09:45:46,2024-02-01 09:45:46
21,674,8800,2024-07-17 09:45:46,2024-07-31 09:45:46,2024-07-17 09:45:46
22,832,9824,2024-07-17 09:45:46,2024-07-31 09:45:46,2024-07-21 09:45:46
23,155,3520,2024-02-28 09:45:46,2024-03-13 09:45:46,2024-02-29 09:45:46
24,911,4425,2023-09-17 09:45:46,2023-10-01 09:45:46,2023-09-24 09:45:46
25,167,5217,2024-07-03 09:45:46,2024-07-17 09:45:46,2024-07-15 09:45:46
26,742,507,2024-03-04 09:45:46,2024-03-18 09:45:46,2024-03-08 09:45:46
27,127,2147,2024-04-30 09:45:46,2024-05-14 09:45:46,2024-05-03 09:45:46
28,716,6605,2024-01-29 09:45:46,2024-02-12 09:45:46,2024-01-31 09:45:46
29,507,3276,2023-09-17 09:45:46,2023-10-01 09:45:46,2023-09-30 09:45:46
30,219,5289,2024-01-01 09:45:46,2024-01-15 09:45:46,2024-01-10 09:45:46
31,177,2804,2023-10-26 09:45:46,2023-11-09 09:45:46,2023-11-09 09:45:46
32,179,7258,2024-03-26 09:45:46,2024-04-09 09:45:46,2024-04-08 09:45:46
33,515,3924,2024-03-05 09:45:46,2024-03-19 09:45:46,2024-03-05 09:45:46
34,46,7171,2023-12-10 09:45:46,2023-12-24 09:45:46,2023-12-12 09:45:46
35,398,10597,2024-07-25 09:45:46,2024-08-08 09:45:46,2024-08-08 09:45:46
36,70,1513,2024-06-10 09:45:46,2024-06-24 09:45:46,2024-06-11 09:45:46
37,695,7560,2024-01-10 09:45:46,2024-01-24 09:45:46,2024-01-18 09:45:46
38,957,4308,2024-06-27 09:45:46,2024-07-11 09:45:46,2024-07-08 09:45:46
39,373,6551,2024-03-20 09:45:46,2024-04-03 09:45:46,2024-03-28 09:45:46
40,689,5550,2023-09-15 09:45:46,2023-09-29 09:45:46,2023-09-19 09:45:46
41,919,3878,2023-11-06 09:45:46,2023-11-20 09:45:46,2023-11-16 09:45:46
42,310,8459,2024-06-06 09:45:46,2024-06-20 09:45:46,2024-06-10 09:45:46
43,456,2731,2024-08-21 09:45:46,2024-09-04 09:45:46,2024-08-21 09:45:46
44,968,1058,2024-08-06 09:45:46,2024-08-20 09:45:46,2024-08-09 09:45:46
45,493,10498,2024-03-11 09:45:46,2024-03-25 09:45:46,2024-03-11 09:45:46
46,477,9624,2024-04-23 09:45:46,2024-05-07 09:45:46,2024-05-01 09:45:46
47,198,9746,2024-07-26 09:45:46,2024-08-09 09:45:46,2024-07-29 09:45:46
48,742,4788,2024-02-23 09:45:46,2024-03-08 09:45:46,2024-02-28 09:45:46
49,609,2620,2024-05-28 09:45:46,2024-06-11 09:45:46,2024-05-28 09:45:46
50,67,10552,2024-08-11 09:45:46,2024-08-25 09:45:46,2024-08-14 09:45:46
51,491,5566,2024-04-13 09:45:46,2024-04-27 09:45:46,2024-04-27 09:45:46
52,266,4931,2024-04-09 09:45:46,2024-04-23 09:45:46,2024-04-22 09:45:46
53,104,3770,2024-05-05 09:45:46,2024-05-19 09:45:46,2024-05-15 09:45:46
54,339,4360,2023-09-18 09:45:46,2023-10-02 09:45:46,2023-09-22 09:45:46
55,561,8995,2023-10-22 09:45:46,2023-11-05 09:45:46,2023-10-25 09:45:46
56,805,92,2023-11-29 09:45:46,2023-12-13 09:45:46,2023-12-02 09:45:46
57,912,5335,2024-02-05 09:45:46,2024-02-19 09:45:46,2024-02-19 09:45:46
58,290,600,2023-12-29 09:45:46,2024-01-12 09:45:46,2024-01-01 09:45:46
59,820,1499,2024-07-01 09:45:46,2024-07-15 09:45:46,2024-07-13 09:45:46
60,636,8407,2024-05-25 09:45:46,2024-06-08 09:45:46,2024-06-06 09:45:46
61,424,6330,2023-12-15 09:45:46,2023-12-29 09:45:46,2023-12-15 09:45:46
62,110,5867,2023-11-14 09:45:46,2023-11-28 09:45:46,2023-11-26 09:45:46
63,856,5629,2023-12-18 09:45:46,2024-01-01 09:45:46,2023-12-18 09:45:46
64,567,5769,2023-12-08 09:45:46,2023-12-22 09:45:46,2023-12-22 09:45:46
65,936,1181,2024-07-06 09:45:46,2024-07-20 09:45:46,2024-07-09 09:45:46
66,271,10905,2024-05-13 09:45:46,2024-05-27 09:45:46,2024-05-14 09:45:46
67,254,8283,2023-12-24 09:45:46,2024-01-07 09:45:46,2023-12-31 09:45:46
68,103,4660,2024-01-02 09:45:46,2024-01-16 09:45:46,2024-01-05 09:45:46
69,238,6017,2023-10-03 09:45:46,2023-10-17 09:45:46,2023-10-13 09:45:46
70,984,10152,2024-01-08 09:45:46,2024-01-22 09:45:46,2024-01-13 09:45:46
71,934,9210,2024-04-14 09:45:46,2024-04-28 09:45:46,2024-04-26 09:45:46
72,296,5820,2024-07-23 09:45:46,2024-08-06 09:45:46,2024-07-29 09:45:46
73,397,841,2024-07-22 09:45:46,2024-08-05 09:45:46,2024-07-26 09:45:46
74,851,9722,2024-05-10 09:45:46,2024-05-24 09:45:46,2024-05-18 09:45:46
75,206,5109,2024-03-12 09:45:46,2024-03-26 09:45:46,2024-03-21 09:45:46
76,843,10422,2024-02-03 09:45:46,2024-02-17 09:45:46,2024-02-16 09:45:46
77,738,5530,2024-01-24 09:45:46,2024-02-07 09:45:46,2024-01-24 09:45:46
78,866,7704,2024-05-16 09:45:46,2024-05-30 09:45:46,2024-05-25 09:45:46
79,583,5226,2024-03-27 09:45:46,2024-04-10 09:45:46,2024-03-31 09:45:46
80,327,10886,2024-05-09 09:45:46,2024-05-23 09:45:46,2024-05-12 09:45:46
81,778,764,2024-08-16 09:45:46,2024-08-30 09:45:46,2024-08-22 09:45:46
82,242,3560,2024-01-06 09:45:46,2024-01-20 09:45:46,2024-01-08 09:45:46
83,6,9946,2023-09-13 09:45:46,2023-09-27 09:45:46,2023-09-17 09:45:46
84,533,5003,2024-02-20 09:45:46,2024-03-05 09:45:46,2024-02-23 09:45:46
85,804,6135,2024-01-18 09:45:46,2024-02-01 09:45:46,2024-01-31 09:45:46
86,475,402,2024-04-19 09:45:46,2024-05-03 09:45:46,2024-05-02 09:45:46
87,45,9808,2024-03-12 09:45:46,2024-03-26 09:45:46,2024-03-26 09:45:46
88,371,3121,2024-03-01 09:45:46,2024-03-15 09:45:46,2024-03-14 09:45:46
89,510,388,2024-01-23 09:45:46,2024-02-06 09:45:46,2024-02-06 09:45:46
90,216,7290,2024-04-05 09:45:46,2024-04-19 09:45:46,2024-04-10 09:45:46
91,8,4666,2024-07-16 09:45:46,2024-07-30 09:45:46,2024-07-20 09:45:46
92,545,1183,2024-06-15 09:45:46,2024-06-29 09:45:46,2024-06-25 09:45:46
93,136,1821,2024-08-10 09:45:46,2024-08-24 09:45:46,2024-08-21 09:45:46
94,83,5788,2024-05-09 09:45:46,2024-05-23 09:45:46,2024-05-13 09:45:46
95,623,3391,2023-11-30 09:45:46,2023-12-14 09:45:46,2023-12-09 09:45:46
96,228,3386,2024-04-29 09:45:46,2024-05-13 09:45:46,2024-05-02 09:45:46
97,105,7857,2024-04-23 09:45:46,2024-05-07 09:45:46,2024-05-07 09:45:46
98,968,6525,2023-11-05 09:45:46,2023-11-19 09:45:46,2023-11-05 09:45:46
99,9,805,2024-03-19 09:45:46,2024-04-02 09:45:46,2024-03-27 09:45:46
100,390,6890,2023-12-02 09:45:46,2023-12-16 09:45:46,2023-12-03 09:45:46
101,817,1798,2024-01-30 09:45:46,2024-02-13 09:45:46,2024-02-12 09:45:46
102,674,78,2024-05-08 09:45:46,2024-05-22 09:45:46,2024-05-15 09:45:46
103,313,5724,2024-02-15 09:45:46,2024-02-29 09:45:46,2024-02-28 09:45:46
104,802,5467,2024-09-06 09:45:46,2024-09-20 09:45:46,2024-09-09 09:45:46
105,612,6293,2024-08-26 09:45:46,2024-09-09 09:45:46,2024-09-06 09:45:46
106,514,1476,2024-04-17 09:45:46,2024-05-01 09:45:46,2024-04-21 09:45:46
107,666,4087,2024-04-20 09:45:46,2024-05-04 09:45:46,2024-05-03 09:45:46
108,111,5209,2023-11-06 09:45:46,2023-11-20 09:45:46,2023-11-19 09:45:46
109,182,10348,2024-06-01 09:45:46,2024-06-15 09:45:46,2024-06-11 09:45:46
110,883,7774,2024-04-02 09:45:46,2024-04-16 09:45:46,2024-04-03 09:45:46
111,404,6204,2023-10-07 09:45:46,2023-10-21 09:45:46,2023-10-18 09:45:46
112,137,6217,2023-10-29 09:45:46,2023-11-12 09:45:46,2023-10-30 09:45:46
113,139,7639,2024-05-31 09:45:46,2024-06-14 09:45:46,2024-06-02 09:45:46
114,803,188,2024-04-14 09:45:46,2024-04-28 09:45:46,2024-04-19 09:45:46
115,688,6769,2024-03-24 09:45:46,2024-04-07 09:45:46,2024-03-26 09:45:46
116,216,4813,2024-01-03 09:45:46,2024-01-17 09:45:46,2024-01-06 09:45:46
117,692,1987,2024-03-01 09:45:46,2024-03-15 09:45:46,2024-03-05 09:45:46
118,408,8903,2024-04-04 09:45:46,2024-04-18 09:45:46,2024-04-12 09:45:46
119,925,3439,2024-08-27 09:45:46,2024-09-10 09:45:46,2024-09-04 09:45:46
120,100,2143,2023-12-14 09:45:46,2023-12-28 09:45:46,2023-12-20 09:45:46
121,876,2009,2023-12-10 09:45:46,2023-12-24 09:45:46,2023-12-14 09:45:46
122,455,3678,2023-12-31 09:45:46,2024-01-14 09:45:46,2024-01-12 09:45:46
123,484,2055,2024-04-20 09:45:46,2024-05-04 09:45:46,2024-05-03 09:45:46
124,764,4436,2024-02-28 09:45:46,2024-03-13 09:45:46,2024-03-06 09:45:46
125,295,7183,2024-08-06 09:45:46,2024-08-20 09:45:46,2024-08-19 09:45:46
126,306,4895,2024-01-20 09:45:46,2024-02-03 09:45:46,2024-01-27 09:45:46
127,896,8148,2024-01-12 09:45:46,2024-01-26 09:45:46,2024-01-20 09:45:46
128,14,6987,2024-05-11 09:45:46,2024-05-25 09:45:46,2024-05-20 09:45:46
129,966,6274,2023-10-14 09:45:46,2023-10-28 09:45:46,2023-10-28 09:45:46
130,820,4017,2024-02-18 09:45:46,2024-03-03 09:45:46,2024-03-03 09:45:46
131,935,4740,2024-04-05 09:45:46,2024-04-19 09:45:46,2024-04-08 09:45:46
132,38,960,2023-09-14 09:45:46,2023-09-28 09:45:46,2023-09-18 09:45:46
133,443,7674,2023-11-16 09:45:46,2023-11-30 09:45:46,2023-11-17 09:45:46
134,758,8332,2024-03-19 09:45:46,2024-04-02 09:45:46,2024-03-25 09:45:46
135,823,6021,2023-11-07 09:45:46,2023-11-21 09:45:46,2023-11-14 09:45:46
136,613,10334,2024-03-09 09:45:46,2024-03-23 09:45:46,2024-03-21 09:45:46
137,633,8223,2024-06-05 09:45:46,2024-06-19 09:45:46,2024-06-12 09:45:46
138,545,7371,2023-10-05 09:45:46,2023-10-19 09:45:46,2023-10-17 09:45:46
139,796,8757,2024-08-30 09:45:46,2024-09-13 09:45:46,2024-09-13 09:45:46
140,811,7758,2023-10-24 09:45:46,2023-11-07 09:45:46,2023-10-27 09:45:46
141,99,5309,2023-09-29 09:45:46,2023-10-13 09:45:46,2023-10-10 09:45:46
142,865,5062,2024-01-28 09:45:46,2024-02-11 09:45:46,2024-02-09 09:45:46
143,525,387,2024-02-21 09:45:46,2024-03-06 09:45:46,2024-03-06 09:45:46
144,133,289,2024-02-09 09:45:46,2024-02-23 09:45:46,2024-02-23 09:45:46
145,486,6485,2024-01-19 09:45:46,2024-02-02 09:45:46,2024-02-01 09:45:46
146,457,1415,2023-12-10 09:45:46,2023-12-24 09:45:46,2023-12-23 09:45:46
147,399,3451,2023-12-10 09:45:46,2023-12-24 09:45:46,2023-12-22 09:45:46
148,880,5252,2024-02-20 09:45:46,2024-03-05 09:45:46,2024-02-20 09:45:46
149,339,8818,2024-03-20 09:45:46,2024-04-03 09:45:46,2024-03-25 09:45:46
150,353,4870,2024-04-05 09:45:46,2024-04-19 09:45:46,2024-04-11 09:45:46
151,544,2380,2024-01-09 09:45:46,2024-01-23 09:45:46,2024-01-17 09:45:46
152,79,958,2024-07-13 09:45:46,2024-07-27 09:45:46,2024-07-27 09:45:46
153,106,2615,2023-11-26 09:45:46,2023-12-10 09:45:46,2023-11-28 09:45:46
154,664,9818,2024-01-07 09:45:46,2024-01-21 09:45:46,2024-01-21 09:45:46
155,802,6482,2023-10-18 09:45:46,2023-11-01 09:45:46,2023-10-30 09:45:46
156,126,4422,2024-07-28 09:45:46,2024-08-11 09:45:46,2024-07-29 09:45:46
157,187,8132,2024-08-20 09:45:46,2024-09-03 09:45:46,2024-08-22 09:45:46
158,46,7636,2024-01-11 09:45:46,2024-01-25 09:45:46,2024-01-17 09:45:46
159,896,4883,2024-03-02 09:45:46,2024-03-16 09:45:46,2024-03-15 09:45:46
160,801,8442,2024-08-15 09:45:46,2024-08-29 09:45:46,2024-08-17 09:45:46
161,237,8095,2024-02-18 09:45:46,2024-03-03 09:45:46,2024-03-01 09:45:46
162,532,7200,2023-12-08 09:45:46,2023-12-22 09:45:46,2023-12-11 09:45:46
163,409,3355,2024-05-24 09:45:46,2024-06-07 09:45:46,2024-05-29 09:45:46
164,409,708,2023-11-28 09:45:46,2023-12-12 09:45:46,2023-12-12 09:45:46
165,643,10735,2023-09-14 09:45:46,2023-09-28 09:45:46,2023-09-21 09:45:46
166,217,7124,2023-09-12 09:45:46,2023-09-26 09:45:46,2023-09-12 09:45:46
167,62,5337,2023-10-18 09:45:46,2023-11-01 09:45:46,2023-10-18 09:45:46
168,135,10206,2023-11-28 09:45:46,2023-12-12 09:45:46,2023-12-05 09:45:46
169,340,3640,2024-01-20 09:45:46,2024-02-03 09:45:46,2024-01-30 09:45:46
170,11,277,2023-12-15 09:45:46,2023-12-29 09:45:46,2023-12-19 09:45:46
171,756,9042,2023-11-04 09:45:46,2023-11-18 09:45:46,2023-11-05 09:45:46
172,871,3818,2023-10-19 09:45:46,2023-11-02 09:45:46,2023-10-25 09:45:46
173,929,8713,2024-04-24 09:45:46,2024-05-08 09:45:46,2024-05-02 09:45:46
174,287,5976,2023-10-23 09:45:46,2023-11-06 09:45:46,2023-11-03 09:45:46
175,582,4575,2024-06-14 09:45:46,2024-06-28 09:45:46,2024-06-27 09:45:46
176,460,9441,2023-12-12 09:45:46,2023-12-26 09:45:46,2023-12-19 09:45:46
177,889,617,2023-10-16 09:45:46,2023-10-30 09:45:46,2023-10-23 09:45:46
178,67,2344,2023-09-17 09:45:46,2023-10-01 09:45:46,2023-09-23 09:45:46
179,878,8646,2024-05-10 09:45:46,2024-05-24 09:45:46,2024-05-12 09:45:46
180,502,4517,2024-03-25 09:45:46,2024-04-08 09:45:46,2024-04-03 09:45:46
181,561,6427,2023-11-05 09:45:46,2023-11-19 09:45:46,2023-11-05 09:45:46
182,809,300,2024-08-27 09:45:46,2024-09-10 09:45:46,2024-09-06 09:45:46
183,137,2431,2024-02-26 09:45:46,2024-03-11 09:45:46,2024-03-01 09:45:46
184,767,3713,2023-11-11 09:45:46,2023-11-25 09:45:46,2023-11-21 09:45:46
185,859,2432,2023-12-15 09:45:46,2023-12-29 09:45:46,2023-12-18 09:45:46
186,49,10217,2024-06-23 09:45:46,2024-07-07 09:45:46,2024-07-04 09:45:46
187,721,8024,2023-11-22 09:45:46,2023-12-06 09:45:46,2023-12-03 09:45:46
188,127,3994,2024-06-23 09:45:46,2024-07-07 09:45:46,2024-07-03 09:45:46
189,556,5741,2024-07-08 09:45:46,2024-07-22 09:45:46,2024-07-19 09:45:46
190,965,11014,2023-09-14 09:45:46,2023-09-28 09:45:46,2023-09-24 09:45:46
191,809,116,2024-03-07 09:45:46,2024-03-21 09:45:46,2024-03-11 09:45:46
192,275,7928,2023-09-27 09:45:46,2023-10-11 09:45:46,2023-10-09 09:45:46
193,382,2254,2024-06-05 09:45:46,2024-06-19 09:45:46,2024-06-05 09:45:46
194,355,7031,2024-07-21 09:45:46,2024-08-04 09:45:46,2024-07-30 09:45:46
195,2,2808,2023-09-08 09:45:46,2023-09-22 09:45:46,2023-09-14 09:45:46
196,707,2476,2023-12-17 09:45:46,2023-12-31 09:45:46,2023-12-23 09:45:46
197,790,5920,2024-05-26 09:45:46,2024-06-09 09:45:46,2024-05-29 09:45:46
198,54,3598,2023-10-05 09:45:46,2023-10-19 09:45:46,2023-10-08 09:45:46
199,336,74,2024-02-09 09:45:46,2024-02-23 09:45:46,2024-02-13 09:45:46
200,793,6340,2024-07-30 09:45:46,2024-08-13 09:45:46,2024-08-01 09:45:46
201,474,7891,2023-12-24 09:45:46,2024-01-07 09:45:46,2023-12-31 09:45:46
202,677,6440,2024-04-07 09:45:46,2024-04-21 09:45:46,2024-04-17 09:45:46
203,215,1720,2024-09-04 09:45:46,2024-09-18 09:45:46,2024-09-06 09:45:46
204,400,6794,2023-09-09 09:45:46,2023-09-23 09:45:46,2023-09-16 09:45:46
205,343,8149,2024-02-03 09:45:46,2024-02-17 09:45:46,2024-02-16 09:45:46
206,19,4189,2023-11-07 09:45:46,2023-11-21 09:45:46,2023-11-12 09:45:46
207,150,4849,2024-04-28 09:45:46,2024-05-12 09:45:46,2024-05-06 09:45:46
208,981,6453,2024-05-19 09:45:46,2024-06-02 09:45:46,2024-05-26 09:45:46
209,71,9113,2024-08-13 09:45:46,2024-08-27 09:45:46,2024-08-15 09:45:46
210,377,8318,2024-03-27 09:45:46,2024-04-10 09:45:46,2024-04-09 09:45:46
211,677,2470,2024-04-08 09:45:46,2024-04-22 09:45:46,2024-04-17 09:45:46
212,624,5600,2023-12-14 09:45:46,2023-12-28 09:45:46,2023-12-25 09:45:46
213,10,4015,2023-10-28 09:45:46,2023-11-11 09:45:46,2023-10-31 09:45:46
214,973,4427,2023-10-18 09:45:46,2023-11-01 09:45:46,2023-10-22 09:45:46
215,672,10332,2024-02-06 09:45:46,2024-02-20 09:45:46,2024-02-16 09:45:46
216,956,5805,2023-11-02 09:45:46,2023-11-16 09:45:46,2023-11-03 09:45:46
217,276,7405,2024-04-18 09:45:46,2024-05-02 09:45:46,2024-04-21 09:45:46
218,689,11095,2024-06-20 09:45:46,2024-07-04 09:45:46,2024-06-29 09:45:46
219,501,2772,2024-04-06 09:45:46,2024-04-20 09:45:46,2024-04-17 09:45:46
220,466,84,2024-04-30 09:45:46,2024-05-14 09:45:46,2024-05-14 09:45:46
221,814,9359,2024-08-10 09:45:46,2024-08-24 09:45:46,2024-08-12 09:45:46
222,698,6348,2023-10-06 09:45:46,2023-10-20 09:45:46,2023-10-07 09:45:46
223,626,414,2024-01-29 09:45:46,2024-02-12 09:45:46,2024-02-02 09:45:46
224,595,3571,2023-11-30 09:45:46,2023-12-14 09:45:46,2023-12-09 09:45:46
225,974,7380,2024-04-24 09:45:46,2024-05-08 09:45:46,2024-05-06 09:45:46
226,7,2679,2024-07-19 09:45:46,2024-08-02 09:45:46,2024-07-27 09:45:46
227,365,8969,2024-08-06 09:45:46,2024-08-20 09:45:46,2024-08-17 09:45:46
228,766,7844,2023-12-23 09:45:46,2024-01-06 09:45:46,2024-01-02 09:45:46
229,997,4595,2024-05-23 09:45:46,2024-06-06 09:45:46,2024-06-04 09:45:46
230,512,1450,2024-06-06 09:45:46,2024-06-20 09:45:46,2024-06-11 09:45:46
231,615,6478,2024-07-07 09:45:46,2024-07-21 09:45:46,2024-07-20 09:45:46
232,63,6679,2023-09-10 09:45:46,2023-09-24 09:45:46,2023-09-18 09:45:46
233,627,1794,2024-09-06 09:45:46,2024-09-20 09:45:46,2024-09-18 09:45:46
234,114,9785,2024-02-20 09:45:46,2024-03-05 09:45:46,2024-02-24 09:45:46
235,687,953,2023-10-02 09:45:46,2023-10-16 09:45:46,2023-10-02 09:45:46
236,326,6417,2023-09-13 09:45:46,2023-09-27 09:45:46,2023-09-27 09:45:46
237,344,8592,2024-03-12 09:45:46,2024-03-26 09:45:46,2024-03-22 09:45:46
238,186,3755,2024-03-01 09:45:46,2024-03-15 09:45:46,2024-03-14 09:45:46
239,144,4108,2023-12-28 09:45:46,2024-01-11 09:45:46,2024-01-05 09:45:46
240,634,2582,2023-12-30 09:45:46,2024-01-13 09:45:46,2023-12-30 09:45:46
241,600,6217,2024-01-25 09:45:46,2024-02-08 09:45:46,2024-01-27 09:45:46
242,240,9584,2024-05-14 09:45:46,2024-05-28 09:45:46,2024-05-27 09:45:46
243,762,6058,2024-03-25 09:45:46,2024-04-08 09:45:46,2024-03-31 09:45:46
244,703,2675,2024-07-08 09:45:46,2024-07-22 09:45:46,2024-07-16 09:45:46
245,770,6531,2024-09-04 09:45:46,2024-09-18 09:45:46,2024-09-07 09:45:46
246,632,5318,2024-05-17 09:45:46,2024-05-31 09:45:46,2024-05-24 09:45:46
247,930,2058,2024-01-26 09:45:46,2024-02-09 09:45:46,2024-01-29 09:45:46
248,631,5856,2024-07-20 09:45:46,2024-08-03 09:45:46,2024-07-23 09:45:46
249,965,3346,2024-03-11 09:45:46,2024-03-25 09:45:46,2024-03-12 09:45:46
250,508,9352,2023-10-13 09:45:46,2023-10-27 09:45:46,2023-10-25 09:45:46
251,683,8344,2023-09-15 09:45:46,2023-09-29 09:45:46,2023-09-27 09:45:46
252,941,5345,2024-04-23 09:45:46,2024-05-07 09:45:46,2024-04-24 09:45:46
253,35,10235,2023-12-05 09:45:46,2023-12-19 09:45:46,2023-12-07 09:45:46
254,157,11119,2024-01-09 09:45:46,2024-01-23 09:45:46,2024-01-19 09:45:46
255,721,8386,2024-08-25 09:45:46,2024-09-08 09:45:46,2024-09-07 09:45:46
256,383,9420,2023-12-19 09:45:46,2024-01-02 09:45:46,2023-12-26 09:45:46
257,148,4939,2024-03-17 09:45:46,2024-03-31 09:45:46,2024-03-29 09:45:46
258,75,9941,2024-07-10 09:45:46,2024-07-24 09:45:46,2024-07-17 09:45:46
259,370,6146,2024-03-06 09:45:46,2024-03-20 09:45:46,2024-03-18 09:45:46
260,180,5736,2023-10-22 09:45:46,2023-11-05 09:45:46,2023-10-23 09:45:46
261,721,1000,2024-05-16 09:45:46,2024-05-30 09:45:46,2024-05-30 09:45:46
262,486,718,2023-11-09 09:45:46,2023-11-23 09:45:46,2023-11-14 09:45:46
263,674,1010,2024-08-21 09:45:46,2024-09-04 09:45:46,2024-08-23 09:45:46
264,776,2150,2024-04-27 09:45:46,2024-05-11 09:45:46,2024-05-07 09:45:46
265,123,2875,2024-05-29 09:45:46,2024-06-12 09:45:46,2024-06-02 09:45:46
266,149,10564,2023-09-12 09:45:46,2023-09-26 09:45:46,2023-09-24 09:45:46
267,804,9192,2024-05-16 09:45:46,2024-05-30 09:45:46,2024-05-16 09:45:46
268,727,377,2024-02-03 09:45:46,2024-02-17 09:45:46,2024-02-16 09:45:46
269,778,3010,2024-02-24 09:45:46,2024-03-09 09:45:46,2024-03-06 09:45:46
270,997,1460,2023-12-05 09:45:46,2023-12-19 09:45:46,2023-12-18 09:45:46
271,212,7729,2024-06-21 09:45:46,2024-07-05 09:45:46,2024-06-28 09:45:46
272,614,607,2023-09-28 09:45:46,2023-10-12 09:45:46,2023-09-28 09:45:46
273,275,4684,2024-01-15 09:45:46,2024-01-29 09:45:46,2024-01-18 09:45:46
274,524,85,2023-09-13 09:45:46,2023-09-27 09:45:46,2023-09-18 09:45:46
275,645,9415,2024-07-29 09:45:46,2024-08-12 09:45:46,2024-07-31 09:45:46
276,358,3383,2024-08-30 09:45:46,2024-09-13 09:45:46,2024-09-12 09:45:46
277,712,4930,2024-02-14 09:45:46,2024-02-28 09:45:46,2024-02-25 09:45:46
278,375,7817,2023-09-16 09:45:46,2023-09-30 09:45:46,2023-09-19 09:45:46
279,593,10185,2023-09-11 09:45:46,2023-09-25 09:45:46,2023-09-22 09:45:46
280,544,8042,2023-10-02 09:45:46,2023-10-16 09:45:46,2023-10-10 09:45:46
281,520,3208,2024-08-14 09:45:46,2024-08-28 09:45:46,2024-08-28 09:45:46
282,36,1892,2024-04-24 09:45:46,2024-05-08 09:45:46,2024-04-29 09:45:46
283,795,7834,2024-05-21 09:45:46,2024-06-04 09:45:46,2024-05-29 09:45:46
284,905,2959,2023-10-03 09:45:46,2023-10-17 09:45:46,2023-10-11 09:45:46
285,132,8950,2024-05-02 09:45:46,2024-05-16 09:45:46,2024-05-16 09:45:46
286,834,8240,2024-08-27 09:45:46,2024-09-10 09:45:46,2024-09-05 09:45:46
287,832,8771,2023-11-21 09:45:46,2023-12-05 09:45:46,2023-12-02 09:45:46
288,114,10697,2024-04-30 09:45:46,2024-05-14 09:45:46,2024-05-04 09:45:46
289,26,7749,2024-02-20 09:45:46,2024-03-05 09:45:46,2024-02-21 09:45:46
290,124,6150,2024-08-28 09:45:46,2024-09-11 09:45:46,2024-08-31 09:45:46
291,414,9816,2024-07-10 09:45:46,2024-07-24 09:45:46,2024-07-16 09:45:46
292,639,3182,2024-06-24 09:45:46,2024-07-08 09:45:46,2024-06-29 09:45:46
293,881,7817,2024-06-20 09:45:46,2024-07-04 09:45:46,2024-06-24 09:45:46
294,33,3354,2023-09-27 09:45:46,2023-10-11 09:45:46,2023-09-29 09:45:46
295,854,11053,2024-06-23 09:45:46,2024-07-07 09:45:46,2024-06-30 09:45:46
296,564,6433,2024-04-21 09:45:46,2024-05-05 09:45:46,2024-04-22 09:45:46
297,700,10400,2024-05-08 09:45:46,2024-05-22 09:45:46,2024-05-19 09:45:46
298,475,5279,2024-06-26 09:45:46,2024-07-10 09:45:46,2024-07-03 09:45:46
299,663,286,2023-10-02 09:45:46,2023-10-16 09:45:46,2023-10-14 09:45:46
300,66,10850,2024-05-04 09:45:46,2024-05-18 09:45:46,2024-05-13 09:45:46
301,928,1613,2024-08-31 09:45:46,2024-09-14 09:45:46,2024-09-14 09:45:46
302,777,772,2024-08-21 09:45:46,2024-09-04 09:45:46,2024-08-25 09:45:46
303,145,10532,2023-09-29 09:45:46,2023-10-13 09:45:46,2023-10-11 09:45:46
304,290,3865,2024-08-13 09:45:46,2024-08-27 09:45:46,2024-08-24 09:45:46
305,812,10308,2023-09-09 09:45:46,2023-09-23 09:45:46,2023-09-16 09:45:46
306,212,6446,2024-04-29 09:45:46,2024-05-13 09:45:46,2024-05-01 09:45:46
307,157,1213,2024-05-05 09:45:46,2024-05-19 09:45:46,2024-05-14 09:45:46
308,460,2610,2024-04-30 09:45:46,2024-05-14 09:45:46,2024-05-03 09:45:46
309,345,4685,2023-09-11 09:45:46,2023-09-25 09:45:46,2023-09-25 09:45:46
310,32,5391,2024-06-24 09:45:46,2024-07-08 09:45:46,2024-07-08 09:45:46
311,279,1588,2024-04-27 09:45:46,2024-05-11 09:45:46,2024-04-28 09:45:46
312,263,10970,2024-01-24 09:45:46,2024-02-07 09:45:46,2024-02-05 09:45:46
313,992,2775,2024-06-06 09:45:46,2024-06-20 09:45:46,2024-06-16 09:45:46
314,308,536,2023-09-16 09:45:46,2023-09-30 09:45:46,2023-09-27 09:45:46
315,448,9217,2024-05-06 09:45:46,2024-05-20 09:45:46,2024-05-13 09:45:46
316,759,5189,2023-10-08 09:45:46,2023-10-22 09:45:46,2023-10-22 09:45:46
317,28,735,2024-01-25 09:45:46,2024-02-08 09:45:46,2024-01-30 09:45:46
318,513,11059,2024-04-05 09:45:46,2024-04-19 09:45:46,2024-04-16 09:45:46
319,485,3462,2024-05-17 09:45:46,2024-05-31 09:45:46,2024-05-25 09:45:46
320,65,4631,2024-07-07 09:45:46,2024-07-21 09:45:46,2024-07-14 09:45:46
321,71,9513,2023-09-14 09:45:46,2023-09-28 09:45:46,2023-09-14 09:45:46
322,834,177,2024-01-30 09:45:46,2024-02-13 09:45:46,2024-02-03 09:45:46
323,553,942,2024-06-24 09:45:46,2024-07-08 09:45:46,2024-07-05 09:45:46
324,549,6824,2024-04-22 09:45:46,2024-05-06 09:45:46,2024-04-22 09:45:46
325,924,5289,2024-02-04 09:45:46,2024-02-18 09:45:46,2024-02-05 09:45:46
326,500,5934,2023-12-20 09:45:46,2024-01-03 09:45:46,2024-01-01 09:45:46
327,379,10926,2024-07-21 09:45:46,2024-08-04 09:45:46,2024-07-28 09:45:46
328,91,135,2024-02-25 09:45:46,2024-03-10 09:45:46,2024-02-26 09:45:46
329,725,6592,2024-07-21 09:45:46,2024-08-04 09:45:46,2024-07-23 09:45:46
330,276,4403,2023-10-13 09:45:46,2023-10-27 09:45:46,2023-10-21 09:45:46
331,588,362,2024-02-26 09:45:46,2024-03-11 09:45:46,2024-02-29 09:45:46
332,665,3940,2023-09-16 09:45:46,2023-09-30 09:45:46,2023-09-18 09:45:46
333,98,8947,2024-05-06 09:45:46,2024-05-20 09:45:46,2024-05-07 09:45:46
334,405,9011,2024-06-04 09:45:46,2024-06-18 09:45:46,2024-06-08 09:45:46
335,97,6832,2024-04-22 09:45:46,2024-05-06 09:45:46,2024-04-27 09:45:46
336,653,4651,2023-10-09 09:45:46,2023-10-23 09:45:46,2023-10-12 09:45:46
337,142,4478,2024-01-10 09:45:46,2024-01-24 09:45:46,2024-01-14 09:45:46
338,689,9147,2024-08-20 09:45:46,2024-09-03 09:45:46,2024-08-24 09:45:46
339,886,1116,2023-11-29 09:45:46,2023-12-13 09:45:46,2023-12-06 09:45:46
340,72,4934,2023-12-10 09:45:46,2023-12-24 09:45:46,2023-12-15 09:45:46
341,277,3917,2024-02-23 09:45:46,2024-03-08 09:45:46,2024-03-05 09:45:46
342,763,1019,2024-07-08 09:45:46,2024-07-22 09:45:46,2024-07-19 09:45:46
343,80,4919,2023-09-09 09:45:46,2023-09-23 09:45:46,2023-09-21 09:45:46
344,558,2219,2024-01-28 09:45:46,2024-02-11 09:45:46,2024-02-04 09:45:46
345,991,11110,2024-08-23 09:45:46,2024-09-06 09:45:46,2024-08-25 09:45:46
346,844,2371,2024-08-24 09:45:46,2024-09-07 09:45:46,2024-08-27 09:45:46
347,199,3191,2023-11-26 09:45:46,2023-12-10 09:45:46,2023-11-26 09:45:46
348,197,7895,2024-03-19 09:45:46,2024-04-02 09:45:46,2024-03-31 09:45:46
349,531,4595,2024-07-30 09:45:46,2024-08-13 09:45:46,2024-07-31 09:45:46
350,533,8981,2024-02-18 09:45:46,2024-03-03 09:45:46,2024-02-26 09:45:46
351,91,5877,2023-10-24 09:45:46,2023-11-07 09:45:46,2023-10-28 09:45:46
352,933,2152,2024-01-19 09:45:46,2024-02-02 09:45:46,2024-01-26 09:45:46
353,132,9424,2023-10-22 09:45:46,2023-11-05 09:45:46,2023-10-30 09:45:46
354,439,8439,2024-05-07 09:45:46,2024-05-21 09:45:46,2024-05-17 09:45:46
355,100,7189,2024-03-09 09:45:46,2024-03-23 09:45:46,2024-03-11 09:45:46
356,813,3946,2023-09-23 09:45:46,2023-10-07 09:45:46,2023-09-27 09:45:46
357,45,9098,2024-02-02 09:45:46,2024-02-16 09:45:46,2024-02-13 09:45:46
358,437,8412,2024-05-06 09:45:46,2024-05-20 09:45:46,2024-05-07 09:45:46
359,971,7402,2023-10-23 09:45:46,2023-11-06 09:45:46,2023-11-02 09:45:46
360,964,10843,2024-04-05 09:45:46,2024-04-19 09:45:46,2024-04-19 09:45:46
361,443,4205,2024-02-22 09:45:46,2024-03-07 09:45:46,2024-03-04 09:45:46
362,177,9778,2024-08-07 09:45:46,2024-08-21 09:45:46,2024-08-19 09:45:46
363,627,2070,2024-03-19 09:45:46,2024-04-02 09:45:46,2024-04-01 09:45:46
364,323,10477,2024-03-13 09:45:46,2024-03-27 09:45:46,2024-03-21 09:45:46
365,928,3078,2024-01-28 09:45:46,2024-02-11 09:45:46,2024-01-28 09:45:46
366,445,10413,2024-04-29 09:45:46,2024-05-13 09:45:46,2024-04-30 09:45:46
367,390,6574,2023-09-19 09:45:46,2023-10-03 09:45:46,2023-10-03 09:45:46
368,109,1135,2024-04-09 09:45:46,2024-04-23 09:45:46,2024-04-14 09:45:46
369,547,1477,2024-08-01 09:45:46,2024-08-15 09:45:46,2024-08-10 09:45:46
370,851,5089,2024-01-21 09:45:46,2024-02-04 09:45:46,2024-01-30 09:45:46
371,521,991,2023-10-31 09:45:46,2023-11-14 09:45:46,2023-11-14 09:45:46
372,127,10551,2024-02-18 09:45:46,2024-03-03 09:45:46,2024-02-20 09:45:46
373,367,9130,2024-03-17 09:45:46,2024-03-31 09:45:46,2024-03-19 09:45:46
374,341,553,2024-01-03 09:45:46,2024-01-17 09:45:46,2024-01-11 09:45:46
375,549,2836,2024-03-21 09:45:46,2024-04-04 09:45:46,2024-03-23 09:45:46
376,582,9724,2024-02-07 09:45:46,2024-02-21 09:45:46,2024-02-16 09:45:46
377,892,9095,2024-04-20 09:45:46,2024-05-04 09:45:46,2024-04-30 09:45:46
378,84,2202,2024-03-24 09:45:46,2024-04-07 09:45:46,2024-03-31 09:45:46
379,497,3662,2024-03-06 09:45:46,2024-03-20 09:45:46,2024-03-14 09:45:46
380,284,8202,2024-02-03 09:45:46,2024-02-17 09:45:46,2024-02-10 09:45:46
381,796,10419,2023-11-09 09:45:46,2023-11-23 09:45:46,2023-11-13 09:45:46
382,707,987,2023-11-29 09:45:46,2023-12-13 09:45:46,2023-12-11 09:45:46
383,622,10024,2024-03-23 09:45:46,2024-04-06 09:45:46,2024-04-02 09:45:46
384,666,5416,2023-11-21 09:45:46,2023-12-05 09:45:46,2023-12-05 09:45:46
385,891,1399,2024-02-01 09:45:46,2024-02-15 09:45:46,2024-02-14 09:45:46
386,248,6086,2024-03-02 09:45:46,2024-03-16 09:45:46,2024-03-07 09:45:46
387,154,2892,2024-02-04 09:45:46,2024-02-18 09:45:46,2024-02-05 09:45:46
388,453,9953,2024-03-05 09:45:46,2024-03-19 09:45:46,2024-03-09 09:45:46
389,932,3526,2024-08-04 09:45:46,2024-08-18 09:45:46,2024-08-17 09:45:46
390,489,7302,2024-06-11 09:45:46,2024-06-25 09:45:46,2024-06-22 09:45:46
391,151,3936,2023-11-13 09:45:46,2023-11-27 09:45:46,2023-11-23 09:45:46
392,194,346,2024-01-13 09:45:46,2024-01-27 09:45:46,2024-01-24 09:45:46
393,656,5690,2024-04-21 09:45:46,2024-05-05 09:45:46,2024-04-24 09:45:46
394,34,2870,2023-10-18 09:45:46,2023-11-01 09:45:46,2023-10-23 09:45:46
395,101,10150,2024-04-20 09:45:46,2024-05-04 09:45:46,2024-05-03 09:45:46
396,386,343,2023-09-11 09:45:46,2023-09-25 09:45:46,2023-09-15 09:45:46
397,116,8922,2023-09-24 09:45:46,2023-10-08 09:45:46,2023-10-04 09:45:46
398,684,8143,2023-09-14 09:45:46,2023-09-28 09:45:46,2023-09-27 09:45:46
399,324,1378,2023-12-02 09:45:46,2023-12-16 09:45:46,2023-12-07 09:45:46
400,620,2288,2023-10-30 09:45:46,2023-11-13 09:45:46,2023-11-01 09:45:46
401,912,10698,2024-03-07 09:45:46,2024-03-21 09:45:46,2024-03-21 09:45:46
402,604,343,2024-04-29 09:45:46,2024-05-13 09:45:46,2024-05-03 09:45:46
403,735,2362,2024-04-06 09:45:46,2024-04-20 09:45:46,2024-04-06 09:45:46
404,400,8269,2023-11-08 09:45:46,2023-11-22 09:45:46,2023-11-18 09:45:46
405,796,8744,2023-11-08 09:45:46,2023-11-22 09:45:46,2023-11-21 09:45:46
406,902,7547,2024-08-04 09:45:46,2024-08-18 09:45:46,2024-08-04 09:45:46
407,346,8702,2024-07-30 09:45:46,2024-08-13 09:45:46,2024-08-13 09:45:46
408,992,6954,2024-04-18 09:45:46,2024-05-02 09:45:46,2024-04-21 09:45:46
409,128,7647,2024-04-08 09:45:46,2024-04-22 09:45:46,2024-04-11 09:45:46
410,371,5262,2024-04-20 09:45:46,2024-05-04 09:45:46,2024-04-23 09:45:46
411,437,5720,2024-01-07 09:45:46,2024-01-21 09:45:46,2024-01-10 09:45:46
412,169,2810,2023-12-07 09:45:46,2023-12-21 09:45:46,2023-12-16 09:45:46
413,135,572,2024-07-02 09:45:46,2024-07-16 09:45:46,2024-07-07 09:45:46
414,579,907,2023-09-27 09:45:46,2023-10-11 09:45:46,2023-10-09 09:45:46
415,246,7781,2024-05-25 09:45:46,2024-06-08 09:45:46,2024-06-01 09:45:46
416,144,6014,2024-08-23 09:45:46,2024-09-06 09:45:46,2024-09-01 09:45:46
417,325,10183,2023-10-18 09:45:46,2023-11-01 09:45:46,2023-10-25 09:45:46
418,615,10953,2024-02-03 09:45:46,2024-02-17 09:45:46,2024-02-15 09:45:46
419,104,6207,2024-06-05 09:45:46,2024-06-19 09:45:46,2024-06-10 09:45:46
420,882,3358,2023-10-11 09:45:46,2023-10-25 09:45:46,2023-10-25 09:45:46
421,535,10003,2024-05-13 09:45:46,2024-05-27 09:45:46,2024-05-16 09:45:46
422,593,2421,2024-09-01 09:45:46,2024-09-15 09:45:46,2024-09-13 09:45:46
423,466,1708,2023-09-19 09:45:46,2023-10-03 09:45:46,2023-09-26 09:45:46
424,911,290,2023-12-01 09:45:46,2023-12-15 09:45:46,2023-12-15 09:45:46
425,583,8938,2024-08-14 09:45:46,2024-08-28 09:45:46,2024-08-27 09:45:46
426,253,3162,2024-02-21 09:45:46,2024-03-06 09:45:46,2024-03-02 09:45:46
427,599,4373,2024-04-27 09:45:46,2024-05-11 09:45:46,2024-05-11 09:45:46
428,456,799,2024-06-05 09:45:46,2024-06-19 09:45:46,2024-06-06 09:45:46
429,350,10514,2024-08-14 09:45:46,2024-08-28 09:45:46,2024-08-21 09:45:46
430,749,2017,2023-12-12 09:45:46,2023-12-26 09:45:46,2023-12-20 09:45:46
431,864,2585,2024-07-10 09:45:46,2024-07-24 09:45:46,2024-07-17 09:45:46
432,783,4656,2023-10-16 09:45:46,2023-10-30 09:45:46,2023-10-22 09:45:46
433,610,7086,2023-09-14 09:45:46,2023-09-28 09:45:46,2023-09-17 09:45:46
434,391,9628,2023-11-14 09:45:46,2023-11-28 09:45:46,2023-11-21 09:45:46
435,120,8150,2024-03-22 09:45:46,2024-04-05 09:45:46,2024-03-27 09:45:46
436,849,5856,2023-12-07 09:45:46,2023-12-21 09:45:46,2023-12-10 09:45:46
437,969,3837,2023-10-27 09:45:46,2023-11-10 09:45:46,2023-11-05 09:45:46
438,673,8646,2023-09-28 09:45:46,2023-10-12 09:45:46,2023-10-08 09:45:46
439,706,1608,2024-08-04 09:45:46,2024-08-18 09:45:46,2024-08-06 09:45:46
440,995,2114,2024-01-24 09:45:46,2024-02-07 09:45:46,2024-02-01 09:45:46
441,845,5870,2023-12-16 09:45:46,2023-12-30 09:45:46,2023-12-18 09:45:46
442,73,9599,2024-04-06 09:45:46,2024-04-20 09:45:46,2024-04-16 09:45:46
443,700,79,2023-12-28 09:45:46,2024-01-11 09:45:46,2024-01-01 09:45:46
444,309,9277,2024-07-18 09:45:46,2024-08-01 09:45:46,2024-07-20 09:45:46
445,367,11085,2024-06-08 09:45:46,2024-06-22 09:45:46,2024-06-22 09:45:46
446,41,6845,2024-01-12 09:45:46,2024-01-26 09:45:46,2024-01-16 09:45:46
447,672,10584,2024-09-06 09:45:46,2024-09-20 09:45:46,2024-09-15 09:45:46
448,814,1304,2023-09-23 09:45:46,2023-10-07 09:45:46,2023-09-30 09:45:46
449,343,9493,2024-05-19 09:45:46,2024-06-02 09:45:46,2024-05-26 09:45:46
450,625,5576,2023-10-22 09:45:46,2023-11-05 09:45:46,2023-10-31 09:45:46
451,152,3281,2024-03-26 09:45:46,2024-04-09 09:45:46,2024-03-30 09:45:46
452,531,8695,2024-04-06 09:45:46,2024-04-20 09:45:46,2024-04-20 09:45:46
453,433,9579,2023-11-13 09:45:46,2023-11-27 09:45:46,2023-11-20 09:45:46
454,180,10839,2023-12-10 09:45:46,2023-12-24 09:45:46,2023-12-10 09:45:46
455,701,133,2024-05-08 09:45:46,2024-05-22 09:45:46,2024-05-20 09:45:46
456,790,8630,2024-03-31 09:45:46,2024-04-14 09:45:46,2024-03-31 09:45:46
457,575,847,2024-02-06 09:45:46,2024-02-20 09:45:46,2024-02-09 09:45:46
458,465,5264,2023-10-12 09:45:46,2023-10-26 09:45:46,2023-10-20 09:45:46
459,487,3689,2024-02-01 09:45:46,2024-02-15 09:45:46,2024-02-13 09:45:46
460,211,324,2024-07-29 09:45:46,2024-08-12 09:45:46,2024-08-06 09:45:46
461,858,8583,2023-09-17 09:45:46,2023-10-01 09:45:46,2023-09-18 09:45:46
462,226,6809,2023-10-03 09:45:46,2023-10-17 09:45:46,2023-10-04 09:45:46
463,616,6085,2023-12-13 09:45:46,2023-12-27 09:45:46,2023-12-23 09:45:46
464,708,728,2024-02-10 09:45:46,2024-02-24 09:45:46,2024-02-24 09:45:46
465,589,8757,2024-02-23 09:45:46,2024-03-08 09:45:46,2024-03-03 09:45:46
466,892,8272,2024-01-29 09:45:46,2024-02-12 09:45:46,2024-01-30 09:45:46
467,746,4973,2023-12-31 09:45:46,2024-01-14 09:45:46,2024-01-01 09:45:46
468,482,716,2023-10-01 09:45:46,2023-10-15 09:45:46,2023-10-02 09:45:46
469,570,5092,2023-11-16 09:45:46,2023-11-30 09:45:46,2023-11-17 09:45:46
470,985,2046,2024-02-08 09:45:46,2024-02-22 09:45:46,2024-02-20 09:45:46
471,82,6538,2023-12-28 09:45:46,2024-01-11 09:45:46,2024-01-08 09:45:46
472,71,2262,2024-05-07 09:45:46,2024-05-21 09:45:46,2024-05-15 09:45:46
473,419,7840,2024-02-26 09:45:46,2024-03-11 09:45:46,2024-03-01 09:45:46
474,587,536,2024-06-13 09:45:46,2024-06-27 09:45:46,2024-06-15 09:45:46
475,32,577,2024-03-09 09:45:46,2024-03-23 09:45:46,2024-03-15 09:45:46
476,632,1512,2024-02-08 09:45:46,2024-02-22 09:45:46,2024-02-11 09:45:46
477,605,7052,2024-08-20 09:45:46,2024-09-03 09:45:46,2024-08-23 09:45:46
478,666,7911,2024-05-21 09:45:46,2024-06-04 09:45:46,2024-05-27 09:45:46
479,877,4732,2024-01-28 09:45:46,2024-02-11 09:45:46,2024-02-04 09:45:46
480,113,7917,2024-02-25 09:45:46,2024-03-10 09:45:46,2024-03-10 09:45:46
481,540,5028,2024-04-06 09:45:46,2024-04-20 09:45:46,2024-04-09 09:45:46
482,999,6681,2024-07-11 09:45:46,2024-07-25 09:45:46,2024-07-14 09:45:46
483,872,9950,2024-06-12 09:45:46,2024-06-26 09:45:46,2024-06-18 09:45:46
484,329,7642,2024-01-09 09:45:46,2024-01-23 09:45:46,2024-01-15 09:45:46
485,507,5446,2024-07-02 09:45:46,2024-07-16 09:45:46,2024-07-16 09:45:46
486,995,4991,2024-01-09 09:45:46,2024-01-23 09:45:46,2024-01-20 09:45:46
487,431,5395,2023-10-01 09:45:46,2023-10-15 09:45:46,2023-10-15 09:45:46
488,289,10635,2024-03-25 09:45:46,2024-04-08 09:45:46,2024-03-25 09:45:46
489,207,9056,2024-08-16 09:45:46,2024-08-30 09:45:46,2024-08-28 09:45:46
490,277,5996,2024-06-19 09:45:46,2024-07-03 09:45:46,2024-06-24 09:45:46
491,570,577,2024-01-26 09:45:46,2024-02-09 09:45:46,2024-01-26 09:45:46
492,718,10269,2023-11-07 09:45:46,2023-11-21 09:45:46,2023-11-11 09:45:46
493,582,6885,2023-11-16 09:45:46,2023-11-30 09:45:46,2023-11-25 09:45:46
494,920,6309,2023-09-21 09:45:46,2023-10-05 09:45:46,2023-10-02 09:45:46
495,946,7779,2023-09-10 09:45:46,2023-09-24 09:45:46,2023-09-24 09:45:46
496,102,10210,2024-02-03 09:45:46,2024-02-17 09:45:46,2024-02-08 09:45:46
497,520,8929,2023-09-23 09:45:46,2023-10-07 09:45:46,2023-09-24 09:45:46
498,754,10159,2024-09-04 09:45:46,2024-09-18 09:45:46,2024-09-14 09:45:46
499,323,8882,2023-11-10 09:45:46,2023-11-24 09:45:46,2023-11-16 09:45:46
500,512,5634,2024-08-11 09:45:46,2024-08-25 09:45:46,2024-08-14 09:45:46
501,562,6209,2023-11-30 09:45:46,2023-12-14 09:45:46,2023-12-02 09:45:46
502,586,514,2024-02-18 09:45:46,2024-03-03 09:45:46,2024-02-25 09:45:46
503,534,1995,2024-08-21 09:45:46,2024-09-04 09:45:46,2024-08-22 09:45:46
504,163,251,2024-02-18 09:45:46,2024-03-03 09:45:46,2024-02-28 09:45:46
505,222,358,2024-07-22 09:45:46,2024-08-05 09:45:46,2024-07-26 09:45:46
506,127,834,2024-04-30 09:45:46,2024-05-14 09:45:46,2024-05-06 09:45:46
507,981,3156,2024-01-01 09:45:46,2024-01-15 09:45:46,2024-01-14 09:45:46
508,868,8117,2024-05-11 09:45:46,2024-05-25 09:45:46,2024-05-23 09:45:46
509,280,4546,2024-04-17 09:45:46,2024-05-01 09:45:46,2024-04-22 09:45:46
510,720,622,2023-09-08 09:45:46,2023-09-22 09:45:46,2023-09-13 09:45:46
511,241,3235,2024-04-03 09:45:46,2024-04-17 09:45:46,2024-04-11 09:45:46
512,448,2633,2023-09-27 09:45:46,2023-10-11 09:45:46,2023-10-10 09:45:46
513,485,8,2024-07-29 09:45:46,2024-08-12 09:45:46,2024-08-09 09:45:46
514,851,7334,2023-12-17 09:45:46,2023-12-31 09:45:46,2023-12-22 09:45:46
515,827,7092,2023-09-18 09:45:46,2023-10-02 09:45:46,2023-09-26 09:45:46
516,409,8545,2024-02-22 09:45:46,2024-03-07 09:45:46,2024-02-27 09:45:46
517,60,4578,2023-10-14 09:45:46,2023-10-28 09:45:46,2023-10-21 09:45:46
518,834,8288,2024-08-12 09:45:46,2024-08-26 09:45:46,2024-08-18 09:45:46
519,981,6080,2024-03-05 09:45:46,2024-03-19 09:45:46,2024-03-08 09:45:46
520,74,9261,2023-10-07 09:45:46,2023-10-21 09:45:46,2023-10-08 09:45:46
521,62,8965,2024-05-14 09:45:46,2024-05-28 09:45:46,2024-05-16 09:45:46
522,462,5717,2024-05-04 09:45:46,2024-05-18 09:45:46,2024-05-13 09:45:46
523,396,8965,2023-09-26 09:45:46,2023-10-10 09:45:46,2023-10-02 09:45:46
524,33,6741,2024-07-26 09:45:46,2024-08-09 09:45:46,2024-08-05 09:45:46
525,592,6239,2024-08-01 09:45:46,2024-08-15 09:45:46,2024-08-07 09:45:46
526,422,5019,2024-07-18 09:45:46,2024-08-01 09:45:46,2024-07-28 09:45:46
527,956,3936,2024-04-05 09:45:46,2024-04-19 09:45:46,2024-04-15 09:45:46
528,9,2774,2024-01-05 09:45:46,2024-01-19 09:45:46,2024-01-13 09:45:46
529,205,4998,2024-09-02 09:45:46,2024-09-16 09:45:46,2024-09-16 09:45:46
530,758,1785,2023-10-22 09:45:46,2023-11-05 09:45:46,2023-11-05 09:45:46
531,436,8474,2024-01-07 09:45:46,2024-01-21 09:45:46,2024-01-09 09:45:46
532,584,7050,2023-12-07 09:45:46,2023-12-21 09:45:46,2023-12-15 09:45:46
533,804,3736,2024-02-25 09:45:46,2024-03-10 09:45:46,2024-03-08 09:45:46
534,484,7501,2023-12-03 09:45:46,2023-12-17 09:45:46,2023-12-14 09:45:46
535,416,4703,2024-01-10 09:45:46,2024-01-24 09:45:46,2024-01-23 09:45:46
536,139,7621,2023-10-18 09:45:46,2023-11-01 09:45:46,2023-10-28 09:45:46
537,203,5715,2023-12-18 09:45:46,2024-01-01 09:45:46,2023-12-27 09:45:46
538,651,8628,2024-03-29 09:45:46,2024-04-12 09:45:46,2024-03-30 09:45:46
539,186,3375,2024-01-09 09:45:46,2024-01-23 09:45:46,2024-01-14 09:45:46
540,857,10434,2024-04-26 09:45:46,2024-05-10 09:45:46,2024-05-09 09:45:46
541,131,4052,2023-11-28 09:45:46,2023-12-12 09:45:46,2023-12-10 09:45:46
542,314,5872,2024-05-17 09:45:46,2024-05-31 09:45:46,2024-05-17 09:45:46
543,429,10423,2024-01-31 09:45:46,2024-02-14 09:45:46,2024-02-01 09:45:46
544,772,4540,2023-10-31 09:45:46,2023-11-14 09:45:46,2023-11-02 09:45:46
545,243,4824,2024-05-27 09:45:46,2024-06-10 09:45:46,2024-05-28 09:45:46
546,376,8272,2023-10-29 09:45:46,2023-11-12 09:45:46,2023-11-10 09:45:46
547,445,8256,2024-03-11 09:45:46,2024-03-25 09:45:46,2024-03-16 09:45:46
548,519,3614,2024-03-26 09:45:46,2024-04-09 09:45:46,2024-03-26 09:45:46
549,994,10265,2024-01-26 09:45:46,2024-02-09 09:45:46,2024-01-28 09:45:46
550,281,9990,2023-12-04 09:45:46,2023-12-18 09:45:46,2023-12-15 09:45:46
551,693,9478,2024-05-02 09:45:46,2024-05-16 09:45:46,2024-05-03 09:45:46
552,621,10206,2023-10-07 09:45:46,2023-10-21 09:45:46,2023-10-12 09:45:46
553,755,8569,2024-09-04 09:45:46,2024-09-18 09:45:46,2024-09-06 09:45:46
554,982,2331,2024-02-26 09:45:46,2024-03-11 09:45:46,2024-02-29 09:45:46
555,571,2713,2024-09-05 09:45:46,2024-09-19 09:45:46,2024-09-15 09:45:46
556,684,3138,2023-09-25 09:45:46,2023-10-09 09:45:46,2023-09-30 09:45:46
557,282,8373,2024-05-17 09:45:46,2024-05-31 09:45:46,2024-05-20 09:45:46
558,143,6377,2024-07-13 09:45:46,2024-07-27 09:45:46,2024-07-24 09:45:46
559,1,6211,2023-11-05 09:45:46,2023-11-19 09:45:46,2023-11-14 09:45:46
560,950,2096,2024-08-22 09:45:46,2024-09-05 09:45:46,2024-09-01 09:45:46
561,181,2839,2023-09-07 09:45:46,2023-09-21 09:45:46,2023-09-19 09:45:46
562,607,10766,2024-05-16 09:45:46,2024-05-30 09:45:46,2024-05-26 09:45:46
563,861,7688,2023-09-27 09:45:46,2023-10-11 09:45:46,2023-10-05 09:45:46
564,14,1208,2024-07-14 09:45:46,2024-07-28 09:45:46,2024-07-21 09:45:46
565,420,10977,2023-10-02 09:45:46,2023-10-16 09:45:46,2023-10-13 09:45:46
566,733,6391,2024-04-30 09:45:46,2024-05-14 09:45:46,2024-05-06 09:45:46
567,932,1070,2024-02-15 09:45:46,2024-02-29 09:45:46,2024-02-28 09:45:46
568,224,3596,2024-04-03 09:45:46,2024-04-17 09:45:46,2024-04-07 09:45:46
569,486,1000,2023-11-29 09:45:46,2023-12-13 09:45:46,2023-12-08 09:45:46
570,378,6017,2024-05-23 09:45:46,2024-06-06 09:45:46,2024-05-27 09:45:46
571,942,3708,2024-05-15 09:45:46,2024-05-29 09:45:46,2024-05-16 09:45:46
572,992,9872,2024-06-19 09:45:46,2024-07-03 09:45:46,2024-06-26 09:45:46
573,428,3536,2024-07-27 09:45:46,2024-08-10 09:45:46,2024-07-27 09:45:46
574,186,912,2024-06-14 09:45:46,2024-06-28 09:45:46,2024-06-23 09:45:46
575,320,4441,2024-05-26 09:45:46,2024-06-09 09:45:46,2024-05-27 09:45:46
576,191,5161,2023-10-31 09:45:46,2023-11-14 09:45:46,2023-11-01 09:45:46
577,865,7252,2024-08-10 09:45:46,2024-08-24 09:45:46,2024-08-17 09:45:46
578,897,1203,2023-12-17 09:45:46,2023-12-31 09:45:46,2023-12-24 09:45:46
579,576,1457,2024-01-09 09:45:46,2024-01-23 09:45:46,2024-01-21 09:45:46
580,257,3691,2024-06-04 09:45:46,2024-06-18 09:45:46,2024-06-07 09:45:46
581,806,11060,2024-06-16 09:45:46,2024-06-30 09:45:46,2024-06-27 09:45:46
582,936,2659,2024-05-06 09:45:46,2024-05-20 09:45:46,2024-05-07 09:45:46
583,45,159,2023-09-07 09:45:46,2023-09-21 09:45:46,2023-09-21 09:45:46
584,468,4960,2024-04-05 09:45:46,2024-04-19 09:45:46,2024-04-12 09:45:46
585,319,5965,2023-11-11 09:45:46,2023-11-25 09:45:46,2023-11-25 09:45:46
586,599,1000,2024-06-15 09:45:46,2024-06-29 09:45:46,2024-06-27 09:45:46
587,395,3835,2024-05-03 09:45:46,2024-05-17 09:45:46,2024-05-06 09:45:46
588,266,2282,2023-12-25 09:45:46,2024-01-08 09:45:46,2024-01-03 09:45:46
589,881,974,2023-10-19 09:45:46,2023-11-02 09:45:46,2023-10-20 09:45:46
590,966,8444,2024-03-31 09:45:46,2024-04-14 09:45:46,2024-04-12 09:45:46
591,349,5586,2024-05-25 09:45:46,2024-06-08 09:45:46,2024-05-27 09:45:46
592,121,8586,2024-02-03 09:45:46,2024-02-17 09:45:46,2024-02-08 09:45:46
593,226,260,2024-01-25 09:45:46,2024-02-08 09:45:46,2024-02-07 09:45:46
594,715,5950,2024-07-26 09:45:46,2024-08-09 09:45:46,2024-08-01 09:45:46
595,759,2481,2024-04-26 09:45:46,2024-05-10 09:45:46,2024-05-03 09:45:46
596,568,4462,2024-02-10 09:45:46,2024-02-24 09:45:46,2024-02-11 09:45:46
597,528,10766,2023-09-21 09:45:46,2023-10-05 09:45:46,2023-10-01 09:45:46
598,886,8888,2023-12-03 09:45:46,2023-12-17 09:45:46,2023-12-12 09:45:46
599,870,466,2024-08-06 09:45:46,2024-08-20 09:45:46,2024-08-08 09:45:46
600,913,10987,2024-08-18 09:45:46,2024-09-01 09:45:46,2024-08-29 09:45:46
601,875,5877,2024-05-09 09:45:46,2024-05-23 09:45:46,2024-05-21 09:45:46
602,184,8521,2024-05-02 09:45:46,2024-05-16 09:45:46,2024-05-14 09:45:46
603,854,6413,2024-05-06 09:45:46,2024-05-20 09:45:46,2024-05-15 09:45:46
604,783,1676,2024-05-09 09:45:46,2024-05-23 09:45:46,2024-05-22 09:45:46
605,336,3640,2024-06-26 09:45:46,2024-07-10 09:45:46,2024-07-06 09:45:46
606,191,2007,2023-12-08 09:45:46,2023-12-22 09:45:46,2023-12-14 09:45:46
607,307,7352,2024-07-03 09:45:46,2024-07-17 09:45:46,2024-07-15 09:45:46
608,144,3939,2023-10-31 09:45:46,2023-11-14 09:45:46,2023-11-12 09:45:46
609,156,6812,2024-06-03 09:45:46,2024-06-17 09:45:46,2024-06-10 09:45:46
610,909,4839,2024-05-15 09:45:46,2024-05-29 09:45:46,2024-05-22 09:45:46
611,793,2081,2024-07-22 09:45:46,2024-08-05 09:45:46,2024-07-31 09:45:46
612,436,7678,2023-10-18 09:45:46,2023-11-01 09:45:46,2023-10-30 09:45:46
613,228,8275,2024-08-22 09:45:46,2024-09-05 09:45:46,2024-08-25 09:45:46
614,831,8632,2024-02-05 09:45:46,2024-02-19 09:45:46,2024-02-19 09:45:46
615,747,2298,2024-01-17 09:45:46,2024-01-31 09:45:46,2024-01-21 09:45:46
616,143,9861,2023-10-06 09:45:46,2023-10-20 09:45:46,2023-10-11 09:45:46
617,659,925,2023-10-04 09:45:46,2023-10-18 09:45:46,2023-10-15 09:45:46
618,791,9164,2024-02-15 09:45:46,2024-02-29 09:45:46,2024-02-23 09:45:46
619,52,2549,2023-10-03 09:45:46,2023-10-17 09:45:46,2023-10-07 09:45:46
620,96,10955,2023-11-08 09:45:46,2023-11-22 09:45:46,2023-11-14 09:45:46
621,428,7531,2024-05-25 09:45:46,2024-06-08 09:45:46,2024-05-31 09:45:46
622,216,4904,2024-07-23 09:45:46,2024-08-06 09:45:46,2024-07-25 09:45:46
623,201,3037,2024-01-10 09:45:46,2024-01-24 09:45:46,2024-01-10 09:45:46
624,309,7523,2024-07-05 09:45:46,2024-07-19 09:45:46,2024-07-18 09:45:46
625,948,3385,2024-03-16 09:45:46,2024-03-30 09:45:46,2024-03-19 09:45:46
626,28,4007,2023-11-28 09:45:46,2023-12-12 09:45:46,2023-12-08 09:45:46
627,799,5433,2024-06-04 09:45:46,2024-06-18 09:45:46,2024-06-11 09:45:46
628,621,4587,2024-01-21 09:45:46,2024-02-04 09:45:46,2024-02-01 09:45:46
629,688,2839,2024-04-26 09:45:46,2024-05-10 09:45:46,2024-05-06 09:45:46
630,739,10591,2024-03-16 09:45:46,2024-03-30 09:45:46,2024-03-19 09:45:46
631,411,1831,2023-11-15 09:45:46,2023-11-29 09:45:46,2023-11-26 09:45:46
632,421,2030,2023-12-26 09:45:46,2024-01-09 09:45:46,2024-01-09 09:45:46
633,380,3427,2024-07-30 09:45:46,2024-08-13 09:45:46,2024-08-11 09:45:46
634,608,11120,2024-03-01 09:45:46,2024-03-15 09:45:46,2024-03-07 09:45:46
635,188,2176,2023-12-28 09:45:46,2024-01-11 09:45:46,2024-01-05 09:45:46
636,491,3152,2024-05-18 09:45:46,2024-06-01 09:45:46,2024-05-24 09:45:46
637,199,6503,2023-10-08 09:45:46,2023-10-22 09:45:46,2023-10-10 09:45:46
638,522,1043,2024-05-13 09:45:46,2024-05-27 09:45:46,2024-05-26 09:45:46
639,489,10041,2024-07-04 09:45:46,2024-07-18 09:45:46,2024-07-12 09:45:46
640,272,2825,2023-10-04 09:45:46,2023-10-18 09:45:46,2023-10-08 09:45:46
641,524,10356,2024-04-19 09:45:46,2024-05-03 09:45:46,2024-04-19 09:45:46
642,823,9415,2023-09-17 09:45:46,2023-10-01 09:45:46,2023-09-19 09:45:46
643,170,6912,2023-11-21 09:45:46,2023-12-05 09:45:46,2023-12-04 09:45:46
644,754,9797,2023-11-03 09:45:46,2023-11-17 09:45:46,2023-11-15 09:45:46
645,575,390,2023-12-02 09:45:46,2023-12-16 09:45:46,2023-12-03 09:45:46
646,573,4718,2023-10-25 09:45:46,2023-11-08 09:45:46,2023-10-27 09:45:46
647,550,4769,2024-06-05 09:45:46,2024-06-19 09:45:46,2024-06-14 09:45:46
648,581,1509,2024-08-11 09:45:46,2024-08-25 09:45:46,2024-08-18 09:45:46
649,103,8477,2024-06-11 09:45:46,2024-06-25 09:45:46,2024-06-20 09:45:46
650,728,10036,2024-04-03 09:45:46,2024-04-17 09:45:46,2024-04-17 09:45:46
651,116,3902,2024-03-07 09:45:46,2024-03-21 09:45:46,2024-03-13 09:45:46
652,903,2137,2024-01-25 09:45:46,2024-02-08 09:45:46,2024-01-31 09:45:46
653,797,9620,2024-06-17 09:45:46,2024-07-01 09:45:46,2024-06-23 09:45:46
654,306,4138,2024-01-09 09:45:46,2024-01-23 09:45:46,2024-01-22 09:45:46
655,621,9203,2024-03-21 09:45:46,2024-04-04 09:45:46,2024-03-31 09:45:46
656,627,6669,2024-06-04 09:45:46,2024-06-18 09:45:46,2024-06-16 09:45:46
657,616,10601,2023-12-23 09:45:46,2024-01-06 09:45:46,2023-12-24 09:45:46
658,872,5526,2024-03-13 09:45:46,2024-03-27 09:45:46,2024-03-15 09:45:46
659,404,8043,2023-11-04 09:45:46,2023-11-18 09:45:46,2023-11-15 09:45:46
660,188,5633,2023-09-28 09:45:46,2023-10-12 09:45:46,2023-10-02 09:45:46
661,601,6899,2024-06-11 09:45:46,2024-06-25 09:45:46,2024-06-14 09:45:46
662,119,5249,2023-11-15 09:45:46,2023-11-29 09:45:46,2023-11-15 09:45:46
663,558,91,2024-05-12 09:45:46,2024-05-26 09:45:46,2024-05-22 09:45:46
664,265,1420,2024-08-15 09:45:46,2024-08-29 09:45:46,2024-08-18 09:45:46
665,932,6864,2024-02-26 09:45:46,2024-03-11 09:45:46,2024-03-02 09:45:46
666,258,3437,2024-04-10 09:45:46,2024-04-24 09:45:46,2024-04-21 09:45:46
667,763,8196,2024-01-26 09:45:46,2024-02-09 09:45:46,2024-01-28 09:45:46
668,417,10992,2024-05-21 09:45:46,2024-06-04 09:45:46,2024-05-22 09:45:46
669,236,2008,2023-09-19 09:45:46,2023-10-03 09:45:46,2023-09-29 09:45:46
670,540,3775,2024-01-18 09:45:46,2024-02-01 09:45:46,2024-01-24 09:45:46
671,999,5082,2023-11-07 09:45:46,2023-11-21 09:45:46,2023-11-14 09:45:46
672,67,8428,2023-10-24 09:45:46,2023-11-07 09:45:46,2023-11-05 09:45:46
673,650,5312,2024-05-05 09:45:46,2024-05-19 09:45:46,2024-05-08 09:45:46
674,165,4921,2024-06-18 09:45:46,2024-07-02 09:45:46,2024-06-28 09:45:46
675,329,8693,2024-08-10 09:45:46,2024-08-24 09:45:46,2024-08-12 09:45:46
676,361,1819,2024-07-12 09:45:46,2024-07-26 09:45:46,2024-07-17 09:45:46
677,127,4495,2024-06-17 09:45:46,2024-07-01 09:45:46,2024-07-01 09:45:46
678,808,4042,2023-12-24 09:45:46,2024-01-07 09:45:46,2023-12-28 09:45:46
679,40,10638,2023-09-26 09:45:46,2023-10-10 09:45:46,2023-10-01 09:45:46
680,891,2547,2024-07-31 09:45:46,2024-08-14 09:45:46,2024-08-01 09:45:46
681,955,6623,2024-04-07 09:45:46,2024-04-21 09:45:46,2024-04-11 09:45:46
682,71,643,2024-05-07 09:45:46,2024-05-21 09:45:46,2024-05-14 09:45:46
683,748,7433,2023-12-02 09:45:46,2023-12-16 09:45:46,2023-12-07 09:45:46
684,96,6702,2024-07-07 09:45:46,2024-07-21 09:45:46,2024-07-13 09:45:46
685,574,8624,2024-05-09 09:45:46,2024-05-23 09:45:46,2024-05-20 09:45:46
686,61,3277,2024-09-02 09:45:46,2024-09-16 09:45:46,2024-09-15 09:45:46
687,436,2294,2024-02-18 09:45:46,2024-03-03 09:45:46,2024-02-25 09:45:46
688,549,2452,2024-04-26 09:45:46,2024-05-10 09:45:46,2024-05-03 09:45:46
689,226,3499,2024-06-06 09:45:46,2024-06-20 09:45:46,2024-06-08 09:45:46
690,667,3076,2024-04-21 09:45:46,2024-05-05 09:45:46,2024-04-21 09:45:46
691,841,6750,2024-03-16 09:45:46,2024-03-30 09:45:46,2024-03-18 09:45:46
692,655,8794,2024-06-27 09:45:46,2024-07-11 09:45:46,2024-07-02 09:45:46
693,385,2247,2024-08-11 09:45:46,2024-08-25 09:45:46,2024-08-15 09:45:46
694,398,7492,2024-02-21 09:45:46,2024-03-06 09:45:46,2024-03-05 09:45:46
695,796,9653,2024-04-06 09:45:46,2024-04-20 09:45:46,2024-04-07 09:45:46
696,701,2586,2023-11-22 09:45:46,2023-12-06 09:45:46,2023-12-02 09:45:46
697,244,1384,2024-03-28 09:45:46,2024-04-11 09:45:46,2024-04-06 09:45:46
698,363,512,2023-09-23 09:45:46,2023-10-07 09:45:46,2023-10-05 09:45:46
699,793,5170,2023-09-25 09:45:46,2023-10-09 09:45:46,2023-09-27 09:45:46
700,778,9063,2024-04-11 09:45:46,2024-04-25 09:45:46,2024-04-15 09:45:46
701,775,8890,2024-03-25 09:45:46,2024-04-08 09:45:46,2024-03-25 09:45:46
702,829,8658,2023-11-21 09:45:46,2023-12-05 09:45:46,2023-11-24 09:45:46
703,631,1466,2024-08-23 09:45:46,2024-09-06 09:45:46,2024-08-25 09:45:46
704,265,8347,2024-09-06 09:45:46,2024-09-20 09:45:46,2024-09-13 09:45:46
705,628,2561,2024-06-02 09:45:46,2024-06-16 09:45:46,2024-06-09 09:45:46
706,624,7063,2023-09-09 09:45:46,2023-09-23 09:45:46,2023-09-15 09:45:46
707,516,9479,2023-12-18 09:45:46,2024-01-01 09:45:46,2023-12-18 09:45:46
708,402,3688,2023-10-17 09:45:46,2023-10-31 09:45:46,2023-10-23 09:45:46
709,249,6223,2023-11-16 09:45:46,2023-11-30 09:45:46,2023-11-29 09:45:46
710,346,4346,2023-11-03 09:45:46,2023-11-17 09:45:46,2023-11-16 09:45:46
711,506,2881,2023-12-15 09:45:46,2023-12-29 09:45:46,2023-12-19 09:45:46
712,918,1352,2023-10-20 09:45:46,2023-11-03 09:45:46,2023-10-30 09:45:46
713,238,3641,2024-06-20 09:45:46,2024-07-04 09:45:46,2024-07-02 09:45:46
714,304,1525,2024-03-08 09:45:46,2024-03-22 09:45:46,2024-03-19 09:45:46
715,317,8701,2024-03-14 09:45:46,2024-03-28 09:45:46,2024-03-14 09:45:46
716,121,6987,2024-01-28 09:45:46,2024-02-11 09:45:46,2024-01-30 09:45:46
717,301,2549,2024-05-04 09:45:46,2024-05-18 09:45:46,2024-05-13 09:45:46
718,549,9444,2024-04-21 09:45:46,2024-05-05 09:45:46,2024-04-28 09:45:46
719,682,3402,2023-09-25 09:45:46,2023-10-09 09:45:46,2023-10-08 09:45:46
720,825,6021,2023-10-16 09:45:46,2023-10-30 09:45:46,2023-10-27 09:45:46
721,349,6797,2024-02-04 09:45:46,2024-02-18 09:45:46,2024-02-10 09:45:46
722,84,1403,2024-02-08 09:45:46,2024-02-22 09:45:46,2024-02-21 09:45:46
723,630,9708,2023-12-19 09:45:46,2024-01-02 09:45:46,2024-01-01 09:45:46
724,1000,3798,2024-07-04 09:45:46,2024-07-18 09:45:46,2024-07-04 09:45:46
725,800,10924,2024-03-30 09:45:46,2024-04-13 09:45:46,2024-04-12 09:45:46
726,745,4754,2024-01-15 09:45:46,2024-01-29 09:45:46,2024-01-20 09:45:46
727,541,7336,2024-01-02 09:45:46,2024-01-16 09:45:46,2024-01-14 09:45:46
728,347,1680,2023-12-18 09:45:46,2024-01-01 09:45:46,2023-12-26 09:45:46
729,466,1278,2024-02-28 09:45:46,2024-03-13 09:45:46,2024-03-10 09:45:46
730,66,4704,2023-10-04 09:45:46,2023-10-18 09:45:46,2023-10-11 09:45:46
731,363,6764,2024-03-10 09:45:46,2024-03-24 09:45:46,2024-03-23 09:45:46
732,661,6263,2024-04-09 09:45:46,2024-04-23 09:45:46,2024-04-21 09:45:46
733,108,4765,2023-11-09 09:45:46,2023-11-23 09:45:46,2023-11-18 09:45:46
734,178,6352,2024-02-10 09:45:46,2024-02-24 09:45:46,2024-02-13 09:45:46
735,653,8659,2023-12-27 09:45:46,2024-01-10 09:45:46,2023-12-31 09:45:46
736,17,8366,2024-01-18 09:45:46,2024-02-01 09:45:46,2024-01-18 09:45:46
737,916,3802,2023-09-26 09:45:46,2023-10-10 09:45:46,2023-10-09 09:45:46
738,214,1690,2024-01-01 09:45:46,2024-01-15 09:45:46,2024-01-06 09:45:46
739,357,4120,2024-07-29 09:45:46,2024-08-12 09:45:46,2024-08-11 09:45:46
740,542,253,2024-05-11 09:45:46,2024-05-25 09:45:46,2024-05-21 09:45:46
741,132,5313,2024-07-28 09:45:46,2024-08-11 09:45:46,2024-08-01 09:45:46
742,314,6907,2024-01-28 09:45:46,2024-02-11 09:45:46,2024-02-08 09:45:46
743,856,5450,2024-01-21 09:45:46,2024-02-04 09:45:46,2024-01-31 09:45:46
744,336,1435,2024-05-19 09:45:46,2024-06-02 09:45:46,2024-05-21 09:45:46
745,211,1658,2024-01-07 09:45:46,2024-01-21 09:45:46,2024-01-09 09:45:46
746,694,3274,2024-07-07 09:45:46,2024-07-21 09:45:46,2024-07-11 09:45:46
747,145,501,2024-01-18 09:45:46,2024-02-01 09:45:46,2024-01-22 09:45:46
748,874,3613,2023-11-20 09:45:46,2023-12-04 09:45:46,2023-12-04 09:45:46
749,572,6343,2023-10-23 09:45:46,2023-11-06 09:45:46,2023-10-26 09:45:46
750,709,8733,2024-02-28 09:45:46,2024-03-13 09:45:46,2024-03-10 09:45:46
751,826,10272,2024-01-13 09:45:46,2024-01-27 09:45:46,2024-01-13 09:45:46
752,482,5628,2024-02-08 09:45:46,2024-02-22 09:45:46,2024-02-13 09:45:46
753,850,3702,2024-01-19 09:45:46,2024-02-02 09:45:46,2024-01-24 09:45:46
754,160,2743,2024-04-09 09:45:46,2024-04-23 09:45:46,2024-04-21 09:45:46
755,902,8787,2024-01-16 09:45:46,2024-01-30 09:45:46,2024-01-23 09:45:46
756,444,10089,2024-03-15 09:45:46,2024-03-29 09:45:46,2024-03-20 09:45:46
757,814,4967,2024-01-07 09:45:46,2024-01-21 09:45:46,2024-01-07 09:45:46
758,647,9288,2023-10-03 09:45:46,2023-10-17 09:45:46,2023-10-16 09:45:46
759,75,4779,2024-04-07 09:45:46,2024-04-21 09:45:46,2024-04-13 09:45:46
760,29,1591,2024-02-02 09:45:46,2024-02-16 09:45:46,2024-02-08 09:45:46
761,317,5834,2024-07-23 09:45:46,2024-08-06 09:45:46,2024-07-28 09:45:46
762,389,126,2024-07-07 09:45:46,2024-07-21 09:45:46,2024-07-07 09:45:46
763,736,9703,2023-10-04 09:45:46,2023-10-18 09:45:46,2023-10-06 09:45:46
764,476,9750,2024-08-07 09:45:46,2024-08-21 09:45:46,2024-08-10 09:45:46
765,1,8074,2024-04-18 09:45:46,2024-05-02 09:45:46,2024-04-18 09:45:46
766,126,6137,2023-10-23 09:45:46,2023-11-06 09:45:46,2023-10-23 09:45:46
767,452,2494,2024-07-03 09:45:46,2024-07-17 09:45:46,2024-07-11 09:45:46
768,568,5923,2023-11-09 09:45:46,2023-11-23 09:45:46,2023-11-12 09:45:46
769,793,9135,2023-11-02 09:45:46,2023-11-16 09:45:46,2023-11-13 09:45:46
770,561,7777,2024-07-03 09:45:46,2024-07-17 09:45:46,2024-07-06 09:45:46
771,160,8849,2024-08-30 09:45:46,2024-09-13 09:45:46,2024-08-30 09:45:46
772,67,10467,2023-10-27 09:45:46,2023-11-10 09:45:46,2023-11-03 09:45:46
773,811,1853,2024-02-10 09:45:46,2024-02-24 09:45:46,2024-02-14 09:45:46
774,539,284,2024-03-14 09:45:46,2024-03-28 09:45:46,2024-03-14 09:45:46
775,469,7422,2024-06-30 09:45:46,2024-07-14 09:45:46,2024-07-09 09:45:46
776,556,5212,2024-03-31 09:45:46,2024-04-14 09:45:46,2024-04-05 09:45:46
777,899,4190,2023-10-30 09:45:46,2023-11-13 09:45:46,2023-11-01 09:45:46
778,440,9041,2024-08-04 09:45:46,2024-08-18 09:45:46,2024-08-15 09:45:46
779,371,8884,2024-09-06 09:45:46,2024-09-20 09:45:46,2024-09-11 09:45:46
780,228,8153,2024-03-23 09:45:46,2024-04-06 09:45:46,2024-03-23 09:45:46
781,694,6541,2024-02-12 09:45:46,2024-02-26 09:45:46,2024-02-23 09:45:46
782,338,6613,2024-01-29 09:45:46,2024-02-12 09:45:46,2024-02-10 09:45:46
783,624,7586,2024-03-25 09:45:46,2024-04-08 09:45:46,2024-03-31 09:45:46
784,850,10949,2023-12-30 09:45:46,2024-01-13 09:45:46,2024-01-12 09:45:46
785,392,6005,2023-12-29 09:45:46,2024-01-12 09:45:46,2024-01-11 09:45:46
786,305,891,2024-01-29 09:45:46,2024-02-12 09:45:46,2024-02-08 09:45:46
787,188,9462,2023-10-25 09:45:46,2023-11-08 09:45:46,2023-11-06 09:45:46
788,880,2512,2024-03-16 09:45:46,2024-03-30 09:45:46,2024-03-16 09:45:46
789,307,4499,2024-08-16 09:45:46,2024-08-30 09:45:46,2024-08-17 09:45:46
790,969,7639,2024-08-31 09:45:46,2024-09-14 09:45:46,2024-09-02 09:45:46
791,566,7058,2024-05-07 09:45:46,2024-05-21 09:45:46,2024-05-21 09:45:46
792,860,1166,2023-10-18 09:45:46,2023-11-01 09:45:46,2023-10-19 09:45:46
793,165,10391,2024-03-07 09:45:46,2024-03-21 09:45:46,2024-03-18 09:45:46
794,677,7607,2024-08-10 09:45:46,2024-08-24 09:45:46,2024-08-12 09:45:46
795,539,8693,2023-11-17 09:45:46,2023-12-01 09:45:46,2023-11-30 09:45:46
796,521,11025,2024-02-09 09:45:46,2024-02-23 09:45:46,2024-02-23 09:45:46
797,707,4881,2023-09-19 09:45:46,2023-10-03 09:45:46,2023-09-29 09:45:46
798,794,6588,2024-03-30 09:45:46,2024-04-13 09:45:46,2024-03-31 09:45:46
799,208,10683,2024-06-01 09:45:46,2024-06-15 09:45:46,2024-06-08 09:45:46
800,488,6348,2024-03-12 09:45:46,2024-03-26 09:45:46,2024-03-20 09:45:46
801,657,5090,2024-05-29 09:45:46,2024-06-12 09:45:46,2024-06-06 09:45:46
802,39,1128,2023-10-26 09:45:46,2023-11-09 09:45:46,2023-10-29 09:45:46
803,504,9532,2023-11-30 09:45:46,2023-12-14 09:45:46,2023-12-14 09:45:46
804,877,6566,2024-08-25 09:45:46,2024-09-08 09:45:46,2024-09-04 09:45:46
805,758,9325,2023-10-26 09:45:46,2023-11-09 09:45:46,2023-11-02 09:45:46
806,344,4013,2024-05-14 09:45:46,2024-05-28 09:45:46,2024-05-24 09:45:46
807,577,10579,2024-02-27 09:45:46,2024-03-12 09:45:46,2024-03-08 09:45:46
808,426,7263,2024-05-24 09:45:46,2024-06-07 09:45:46,2024-05-29 09:45:46
809,275,1807,2023-10-25 09:45:46,2023-11-08 09:45:46,2023-11-08 09:45:46
810,213,631,2024-02-23 09:45:46,2024-03-08 09:45:46,2024-02-23 09:45:46
811,926,3388,2024-05-15 09:45:46,2024-05-29 09:45:46,2024-05-24 09:45:46
812,496,6194,2024-07-09 09:45:46,2024-07-23 09:45:46,2024-07-13 09:45:46
813,859,7977,2023-10-22 09:45:46,2023-11-05 09:45:46,2023-10-25 09:45:46
814,101,8332,2023-12-26 09:45:46,2024-01-09 09:45:46,2024-01-09 09:45:46
815,427,9949,2023-12-09 09:45:46,2023-12-23 09:45:46,2023-12-12 09:45:46
816,562,2638,2023-11-15 09:45:46,2023-11-29 09:45:46,2023-11-18 09:45:46
817,421,525,2024-05-01 09:45:46,2024-05-15 09:45:46,2024-05-11 09:45:46
818,265,4165,2024-05-02 09:45:46,2024-05-16 09:45:46,2024-05-07 09:45:46
819,648,9503,2024-06-29 09:45:46,2024-07-13 09:45:46,2024-07-12 09:45:46
820,84,2659,2024-09-01 09:45:46,2024-09-15 09:45:46,2024-09-07 09:45:46
821,957,8328,2024-02-09 09:45:46,2024-02-23 09:45:46,2024-02-10 09:45:46
822,364,3837,2023-11-25 09:45:46,2023-12-09 09:45:46,2023-11-25 09:45:46
823,299,4397,2023-12-15 09:45:46,2023-12-29 09:45:46,2023-12-23 09:45:46
824,235,7647,2024-04-13 09:45:46,2024-04-27 09:45:46,2024-04-26 09:45:46
825,522,746,2023-10-14 09:45:46,2023-10-28 09:45:46,2023-10-28 09:45:46
826,352,1190,2024-05-15 09:45:46,2024-05-29 09:45:46,2024-05-28 09:45:46
827,3,7214,2023-09-15 09:45:46,2023-09-29 09:45:46,2023-09-28 09:45:46
828,146,2182,2024-06-04 09:45:46,2024-06-18 09:45:46,2024-06-18 09:45:46
829,777,6279,2023-09-19 09:45:46,2023-10-03 09:45:46,2023-09-26 09:45:46
830,781,6720,2024-08-25 09:45:46,2024-09-08 09:45:46,2024-09-03 09:45:46
831,275,4155,2024-01-26 09:45:46,2024-02-09 09:45:46,2024-01-28 09:45:46
832,488,5060,2024-04-30 09:45:46,2024-05-14 09:45:46,2024-05-07 09:45:46
833,311,523,2023-11-12 09:45:46,2023-11-26 09:45:46,2023-11-16 09:45:46
834,717,10776,2024-01-21 09:45:46,2024-02-04 09:45:46,2024-01-29 09:45:46
835,768,2700,2024-06-09 09:45:46,2024-06-23 09:45:46,2024-06-17 09:45:46
836,196,8928,2024-04-05 09:45:46,2024-04-19 09:45:46,2024-04-07 09:45:46
837,750,1683,2023-11-13 09:45:46,2023-11-27 09:45:46,2023-11-13 09:45:46
838,914,9494,2023-10-08 09:45:46,2023-10-22 09:45:46,2023-10-12 09:45:46
839,461,3274,2023-09-23 09:45:46,2023-10-07 09:45:46,2023-09-30 09:45:46
840,145,4268,2023-11-23 09:45:46,2023-12-07 09:45:46,2023-11-25 09:45:46
841,257,9000,2024-06-28 09:45:46,2024-07-12 09:45:46,2024-07-10 09:45:46
842,20,6201,2023-10-16 09:45:46,2023-10-30 09:45:46,2023-10-23 09:45:46
843,837,8918,2023-10-04 09:45:46,2023-10-18 09:45:46,2023-10-05 09:45:46
844,303,7407,2024-03-17 09:45:46,2024-03-31 09:45:46,2024-03-25 09:45:46
845,222,4221,2023-12-31 09:45:46,2024-01-14 09:45:46,2024-01-05 09:45:46
846,111,8850,2024-06-26 09:45:46,2024-07-10 09:45:46,2024-07-03 09:45:46
847,446,2893,2024-07-26 09:45:46,2024-08-09 09:45:46,2024-08-07 09:45:46
848,88,2731,2023-12-05 09:45:46,2023-12-19 09:45:46,2023-12-11 09:45:46
849,909,6737,2024-01-08 09:45:46,2024-01-22 09:45:46,2024-01-09 09:45:46
850,446,2713,2023-11-04 09:45:46,2023-11-18 09:45:46,2023-11-17 09:45:46
851,386,5439,2023-11-07 09:45:46,2023-11-21 09:45:46,2023-11-12 09:45:46
852,190,5283,2024-07-10 09:45:46,2024-07-24 09:45:46,2024-07-23 09:45:46
853,519,8001,2024-05-27 09:45:46,2024-06-10 09:45:46,2024-06-06 09:45:46
854,587,5644,2024-06-21 09:45:46,2024-07-05 09:45:46,2024-06-21 09:45:46
855,307,2878,2024-01-06 09:45:46,2024-01-20 09:45:46,2024-01-11 09:45:46
856,272,4307,2024-01-03 09:45:46,2024-01-17 09:45:46,2024-01-08 09:45:46
857,797,834,2024-08-17 09:45:46,2024-08-31 09:45:46,2024-08-17 09:45:46
858,40,746,2024-03-11 09:45:46,2024-03-25 09:45:46,2024-03-17 09:45:46
859,171,8984,2024-01-17 09:45:46,2024-01-31 09:45:46,2024-01-29 09:45:46
860,360,6995,2024-01-02 09:45:46,2024-01-16 09:45:46,2024-01-02 09:45:46
861,44,3364,2024-07-27 09:45:46,2024-08-10 09:45:46,2024-08-07 09:45:46
862,335,1545,2024-01-30 09:45:46,2024-02-13 09:45:46,2024-01-31 09:45:46
863,968,9175,2023-11-05 09:45:46,2023-11-19 09:45:46,2023-11-14 09:45:46
864,124,8131,2023-10-04 09:45:46,2023-10-18 09:45:46,2023-10-04 09:45:46
865,948,9842,2024-06-15 09:45:46,2024-06-29 09:45:46,2024-06-19 09:45:46
866,416,2397,2024-03-19 09:45:46,2024-04-02 09:45:46,2024-03-23 09:45:46
867,231,290,2023-11-08 09:45:46,2023-11-22 09:45:46,2023-11-10 09:45:46
868,812,5867,2024-06-15 09:45:46,2024-06-29 09:45:46,2024-06-25 09:45:46
869,98,10665,2024-06-13 09:45:46,2024-06-27 09:45:46,2024-06-15 09:45:46
870,206,5014,2024-06-13 09:45:46,2024-06-27 09:45:46,2024-06-27 09:45:46
871,198,7057,2024-05-17 09:45:46,2024-05-31 09:45:46,2024-05-17 09:45:46
872,671,1184,2024-03-28 09:45:46,2024-04-11 09:45:46,2024-04-10 09:45:46
873,298,10366,2023-12-18 09:45:46,2024-01-01 09:45:46,2023-12-23 09:45:46
874,391,4118,2024-04-15 09:45:46,2024-04-29 09:45:46,2024-04-22 09:45:46
875,987,5562,2024-02-24 09:45:46,2024-03-09 09:45:46,2024-03-01 09:45:46
876,475,2499,2023-09-28 09:45:46,2023-10-12 09:45:46,2023-10-08 09:45:46
877,749,7259,2024-02-17 09:45:46,2024-03-02 09:45:46,2024-03-01 09:45:46
878,775,7760,2024-07-18 09:45:46,2024-08-01 09:45:46,2024-07-18 09:45:46
879,258,6658,2023-10-22 09:45:46,2023-11-05 09:45:46,2023-10-24 09:45:46
880,185,4546,2024-02-08 09:45:46,2024-02-22 09:45:46,2024-02-21 09:45:46
881,988,84,2024-01-18 09:45:46,2024-02-01 09:45:46,2024-01-22 09:45:46
882,424,4535,2023-12-16 09:45:46,2023-12-30 09:45:46,2023-12-18 09:45:46
883,121,6030,2023-12-11 09:45:46,2023-12-25 09:45:46,2023-12-25 09:45:46
884,107,4481,2024-09-06 09:45:46,2024-09-20 09:45:46,2024-09-19 09:45:46
885,408,8848,2023-12-21 09:45:46,2024-01-04 09:45:46,2023-12-29 09:45:46
886,137,10891,2023-11-15 09:45:46,2023-11-29 09:45:46,2023-11-29 09:45:46
887,682,5117,2024-05-20 09:45:46,2024-06-03 09:45:46,2024-06-02 09:45:46
888,959,4903,2024-07-29 09:45:46,2024-08-12 09:45:46,2024-07-31 09:45:46
889,456,10452,2024-04-12 09:45:46,2024-04-26 09:45:46,2024-04-26 09:45:46
890,994,11108,2024-08-17 09:45:46,2024-08-31 09:45:46,2024-08-31 09:45:46
891,858,4800,2024-05-27 09:45:46,2024-06-10 09:45:46,2024-06-05 09:45:46
892,481,5235,2024-02-12 09:45:46,2024-02-26 09:45:46,2024-02-22 09:45:46
893,854,7001,2024-06-27 09:45:46,2024-07-11 09:45:46,2024-07-07 09:45:46
894,321,5773,2024-03-23 09:45:46,2024-04-06 09:45:46,2024-03-23 09:45:46
895,61,1454,2024-08-29 09:45:46,2024-09-12 09:45:46,2024-09-04 09:45:46
896,76,1716,2024-04-04 09:45:46,2024-04-18 09:45:46,2024-04-18 09:45:46
897,798,9601,2024-06-30 09:45:46,2024-07-14 09:45:46,2024-06-30 09:45:46
898,194,10032,2024-01-28 09:45:46,2024-02-11 09:45:46,2024-02-10 09:45:46
899,349,9170,2024-03-28 09:45:46,2024-04-11 09:45:46,2024-04-09 09:45:46
900,456,1990,2024-03-13 09:45:46,2024-03-27 09:45:46,2024-03-15 09:45:46
901,685,9622,2024-07-13 09:45:46,2024-07-27 09:45:46,2024-07-26 09:45:46
902,197,3158,2023-10-18 09:45:46,2023-11-01 09:45:46,2023-10-24 09:45:46
903,420,10259,2024-06-25 09:45:46,2024-07-09 09:45:46,2024-07-07 09:45:46
904,957,6689,2023-10-26 09:45:46,2023-11-09 09:45:46,2023-11-04 09:45:46
905,9,1071,2023-11-22 09:45:46,2023-12-06 09:45:46,2023-12-03 09:45:46
906,68,5230,2023-10-18 09:45:46,2023-11-01 09:45:46,2023-10-21 09:45:46
907,659,523,2024-03-06 09:45:46,2024-03-20 09:45:46,2024-03-08 09:45:46
908,875,5255,2024-03-22 09:45:46,2024-04-05 09:45:46,2024-03-28 09:45:46
909,306,10453,2023-12-21 09:45:46,2024-01-04 09:45:46,2023-12-22 09:45:46
910,281,8131,2024-07-16 09:45:46,2024-07-30 09:45:46,2024-07-21 09:45:46
911,678,10248,2024-02-22 09:45:46,2024-03-07 09:45:46,2024-03-02 09:45:46
912,770,1451,2024-07-03 09:45:46,2024-07-17 09:45:46,2024-07-12 09:45:46
913,474,8316,2024-08-22 09:45:46,2024-09-05 09:45:46,2024-08-30 09:45:46
914,686,10174,2024-08-17 09:45:46,2024-08-31 09:45:46,2024-08-24 09:45:46
915,729,8496,2024-02-24 09:45:46,2024-03-09 09:45:46,2024-03-09 09:45:46
916,174,8240,2024-04-22 09:45:46,2024-05-06 09:45:46,2024-04-23 09:45:46
917,236,9246,2023-10-06 09:45:46,2023-10-20 09:45:46,2023-10-07 09:45:46
918,393,6287,2024-08-11 09:45:46,2024-08-25 09:45:46,2024-08-12 09:45:46
919,914,10544,2024-03-24 09:45:46,2024-04-07 09:45:46,2024-04-03 09:45:46
920,965,10788,2023-12-09 09:45:46,2023-12-23 09:45:46,2023-12-15 09:45:46
921,43,8300,2024-02-24 09:45:46,2024-03-09 09:45:46,2024-02-26 09:45:46
922,750,8545,2023-10-04 09:45:46,2023-10-18 09:45:46,2023-10-07 09:45:46
923,820,8194,2024-07-22 09:45:46,2024-08-05 09:45:46,2024-07-28 09:45:46
924,671,396,2024-02-13 09:45:46,2024-02-27 09:45:46,2024-02-25 09:45:46
925,380,8991,2024-05-28 09:45:46,2024-06-11 09:45:46,2024-06-03 09:45:46
926,999,10904,2024-04-27 09:45:46,2024-05-11 09:45:46,2024-05-02 09:45:46
927,833,4528,2024-07-13 09:45:46,2024-07-27 09:45:46,2024-07-23 09:45:46
928,948,6736,2024-06-19 09:45:46,2024-07-03 09:45:46,2024-06-28 09:45:46
929,116,6991,2024-09-01 09:45:46,2024-09-15 09:45:46,2024-09-10 09:45:46
930,933,1352,2024-08-27 09:45:46,2024-09-10 09:45:46,2024-08-29 09:45:46
931,28,8168,2024-06-15 09:45:46,2024-06-29 09:45:46,2024-06-24 09:45:46
932,215,4006,2023-10-10 09:45:46,2023-10-24 09:45:46,2023-10-21 09:45:46
933,767,8330,2023-12-12 09:45:46,2023-12-26 09:45:46,2023-12-21 09:45:46
934,828,6940,2023-10-20 09:45:46,2023-11-03 09:45:46,2023-10-20 09:45:46
935,844,6822,2024-07-01 09:45:46,2024-07-15 09:45:46,2024-07-07 09:45:46
936,267,10689,2024-02-09 09:45:46,2024-02-23 09:45:46,2024-02-16 09:45:46
937,429,3374,2023-10-18 09:45:46,2023-11-01 09:45:46,2023-10-22 09:45:46
938,36,5288,2024-05-07 09:45:46,2024-05-21 09:45:46,2024-05-13 09:45:46
939,941,225,2023-10-13 09:45:46,2023-10-27 09:45:46,2023-10-19 09:45:46
940,895,8735,2023-12-09 09:45:46,2023-12-23 09:45:46,2023-12-14 09:45:46
941,922,5416,2023-11-20 09:45:46,2023-12-04 09:45:46,2023-11-30 09:45:46
942,251,7712,2024-06-04 09:45:46,2024-06-18 09:45:46,2024-06-14 09:45:46
943,228,6149,2024-07-04 09:45:46,2024-07-18 09:45:46,2024-07-09 09:45:46
944,562,6061,2024-07-20 09:45:46,2024-08-03 09:45:46,2024-07-24 09:45:46
945,64,6989,2023-10-26 09:45:46,2023-11-09 09:45:46,2023-10-31 09:45:46
946,348,10648,2023-12-02 09:45:46,2023-12-16 09:45:46,2023-12-08 09:45:46
947,274,7284,2024-04-09 09:45:46,2024-04-23 09:45:46,2024-04-18 09:45:46
948,271,6958,2023-09-14 09:45:46,2023-09-28 09:45:46,2023-09-27 09:45:46
949,617,9020,2024-01-07 09:45:46,2024-01-21 09:45:46,2024-01-19 09:45:46
950,812,1273,2023-12-12 09:45:46,2023-12-26 09:45:46,2023-12-23 09:45:46
951,467,8336,2023-12-15 09:45:46,2023-12-29 09:45:46,2023-12-16 09:45:46
952,825,8558,2023-12-02 09:45:46,2023-12-16 09:45:46,2023-12-13 09:45:46
953,917,11101,2023-10-25 09:45:46,2023-11-08 09:45:46,2023-11-07 09:45:46
954,322,1931,2024-02-06 09:45:46,2024-02-20 09:45:46,2024-02-09 09:45:46
955,190,7616,2024-03-04 09:45:46,2024-03-18 09:45:46,2024-03-06 09:45:46
956,31,10168,2024-05-05 09:45:46,2024-05-19 09:45:46,2024-05-07 09:45:46
957,519,5859,2024-09-02 09:45:46,2024-09-16 09:45:46,2024-09-03 09:45:46
958,996,8886,2023-12-21 09:45:46,2024-01-04 09:45:46,2024-01-04 09:45:46
959,272,618,2023-12-31 09:45:46,2024-01-14 09:45:46,2024-01-03 09:45:46
960,367,2267,2024-05-02 09:45:46,2024-05-16 09:45:46,2024-05-13 09:45:46
961,990,8652,2023-12-10 09:45:46,2023-12-24 09:45:46,2023-12-23 09:45:46
962,553,446,2023-12-31 09:45:46,2024-01-14 09:45:46,2024-01-10 09:45:46
963,24,582,2024-05-09 09:45:46,2024-05-23 09:45:46,2024-05-21 09:45:46
964,704,10715,2024-04-06 09:45:46,2024-04-20 09:45:46,2024-04-08 09:45:46
965,496,3355,2024-03-16 09:45:46,2024-03-30 09:45:46,2024-03-20 09:45:46
966,348,9439,2024-07-02 09:45:46,2024-07-16 09:45:46,2024-07-02 09:45:46
967,987,7920,2024-08-10 09:45:46,2024-08-24 09:45:46,2024-08-18 09:45:46
968,234,4925,2023-11-14 09:45:46,2023-11-28 09:45:46,2023-11-21 09:45:46
969,910,488,2024-07-16 09:45:46,2024-07-30 09:45:46,2024-07-23 09:45:46
970,675,3033,2024-02-23 09:45:46,2024-03-08 09:45:46,2024-03-04 09:45:46
971,928,6365,2023-10-04 09:45:46,2023-10-18 09:45:46,2023-10-08 09:45:46
972,83,9549,2024-03-08 09:45:46,2024-03-22 09:45:46,2024-03-20 09:45:46
973,624,6467,2024-08-08 09:45:46,2024-08-22 09:45:46,2024-08-09 09:45:46
974,785,4693,2024-05-09 09:45:46,2024-05-23 09:45:46,2024-05-18 09:45:46
975,796,3175,2024-02-16 09:45:46,2024-03-01 09:45:46,2024-02-17 09:45:46
976,329,4087,2023-11-24 09:45:46,2023-12-08 09:45:46,2023-11-29 09:45:46
977,929,2631,2024-06-03 09:45:46,2024-06-17 09:45:46,2024-06-05 09:45:46
978,700,2514,2024-07-03 09:45:46,2024-07-17 09:45:46,2024-07-17 09:45:46
979,246,4790,2024-08-29 09:45:46,2024-09-12 09:45:46,2024-09-04 09:45:46
980,818,8133,2024-08-09 09:45:46,2024-08-23 09:45:46,2024-08-09 09:45:46
981,406,7906,2024-08-29 09:45:46,2024-09-12 09:45:46,2024-09-01 09:45:46
982,20,4525,2024-06-29 09:45:46,2024-07-13 09:45:46,2024-07-03 09:45:46
983,92,1237,2023-11-26 09:45:46,2023-12-10 09:45:46,2023-12-03 09:45:46
984,612,3170,2024-09-01 09:45:46,2024-09-15 09:45:46,2024-09-12 09:45:46
985,811,6307,2024-05-04 09:45:46,2024-05-18 09:45:46,2024-05-06 09:45:46
986,393,788,2023-11-09 09:45:46,2023-11-23 09:45:46,2023-11-19 09:45:46
987,997,7214,2023-10-05 09:45:46,2023-10-19 09:45:46,2023-10-11 09:45:46
988,394,8879,2023-12-23 09:45:46,2024-01-06 09:45:46,2023-12-31 09:45:46
989,574,7615,2024-08-12 09:45:46,2024-08-26 09:45:46,2024-08-21 09:45:46
990,211,6312,2024-02-09 09:45:46,2024-02-23 09:45:46,2024-02-11 09:45:46
991,301,8394,2024-05-18 09:45:46,2024-06-01 09:45:46,2024-05-20 09:45:46
992,739,2504,2024-06-17 09:45:46,2024-07-01 09:45:46,2024-06-27 09:45:46
993,953,1387,2024-02-04 09:45:46,2024-02-18 09:45:46,2024-02-09 09:45:46
994,848,207,2024-08-30 09:45:46,2024-09-13 09:45:46,2024-09-10 09:45:46
995,941,10219,2024-08-31 09:45:46,2024-09-14 09:45:46,2024-09-08 09:45:46
996,683,5020,2024-04-15 09:45:46,2024-04-29 09:45:46,2024-04-16 09:45:46
997,137,3162,2024-03-09 09:45:46,2024-03-23 09:45:46,2024-03-12 09:45:46
998,882,8949,2023-11-30 09:45:46,2023-12-14 09:45:46,2023-11-30 09:45:46
999,749,8410,2024-05-06 09:45:46,2024-05-20 09:45:46,2024-05-18 09:45:46
1000,696,2346,2024-05-18 09:45:46,2024-06-01 09:45:46,2024-05-23 09:45:46
